date,actual,LGBM_default,LGBM_interpretation_style
2022-07-20,-6.010000000000005,0.08764503879855841,0.25785235131181705
2022-07-21,-0.730000000000004,-0.6604149448129442,-0.8378542456988265
2022-07-22,2.1200000000000045,-0.12150546798250521,-0.4793298437507759
2022-07-25,-2.0900000000000034,0.41440117286424855,0.25855096846222986
2022-07-26,2.2900000000000063,0.2728840250916986,0.2813127768098412
2022-07-27,-0.9200000000000016,-0.40482117022505065,-0.9142548052153053
2022-07-28,2.200000000000003,-1.2532284551436217,-1.809329676983575
2022-07-29,-4.719999999999999,-0.431098578299626,-0.47926504179753693
2022-08-01,0.5499999999999972,0.13448218394777403,0.09841743791343065
2022-08-02,-3.890000000000001,-0.2351001077799188,-1.1396259318954507
2022-08-03,-1.9599999999999935,1.314607364200657,1.3970458860949175
2022-08-04,0.4799999999999897,0.40135056328700114,0.44159323790357047
2022-08-05,1.75,-1.2676520545366319,-2.1222479623963104
2022-08-08,-0.3399999999999892,-0.24596722813439353,-0.9863162991337517
2022-08-09,1.5,0.927800157166932,0.7601431204471306
2022-08-10,2.339999999999989,0.43492793093605775,-0.18952255302466958
2022-08-11,-2.1599999999999966,0.4283089984452897,0.16500983093445704
2022-08-12,-2.6200000000000045,1.6369265705088603,2.1067671239852657
2022-08-15,-3.009999999999991,0.820212646790091,0.628457967378981
2022-08-16,1.6199999999999903,1.1362223077341247,0.9482480141453873
2022-08-17,2.3500000000000085,-0.26517375215992744,-0.14256477453874922
2022-08-18,0.3499999999999943,0.40693443887897096,0.5134430425948168
2022-08-19,-0.1299999999999954,-0.006443956045529032,-0.6547701077353074
2022-08-22,3.039999999999992,0.3955751684628615,0.3820846966567047
2022-08-23,-0.9399999999999976,0.006569029152803161,-0.4221443029568145
2022-08-24,-2.1899999999999977,1.621023208196031,1.3883129675563008
2022-08-25,0.2999999999999971,1.018011687305318,1.425468922125842
2022-08-26,3.7700000000000102,0.659636654149904,0.52342233510381
2022-08-29,-5.320000000000007,0.3051772271490209,0.533440546184679
2022-08-30,-1.9899999999999949,-0.8123178307146407,-0.573075944560591
2022-08-31,-3.0,2.5033353022331637,2.848596668671451
2022-09-01,0.2000000000000028,1.1872768236499571,1.2225420580343367
2022-09-02,0.059999999999988,-0.12759489651918132,-0.12559484013885802
2022-09-06,-4.849999999999994,0.629212927026728,0.4221826278363172
2022-09-07,1.5400000000000065,1.710933979909551,1.2946364024535177
2022-09-08,3.2299999999999898,1.1528396169121515,0.8821311562312983
2022-09-09,0.9100000000000108,-0.6622824628036816,-1.2147070260464197
2022-09-12,-0.3400000000000034,-0.1272311581536466,-0.5046223236116597
2022-09-13,1.039999999999992,0.13613779231722362,0.1589714144949826
2022-09-14,-3.1599999999999966,0.0033074578506159663,-0.017752774036968816
2022-09-15,-0.1500000000000056,0.3514248305984077,0.927798672935848
2022-09-16,0.5800000000000125,-0.11097241461174707,0.019615707391848897
2022-09-19,-1.460000000000008,0.15692373387281486,-0.020700134358788445
2022-09-20,-1.3100000000000025,0.2441336731060891,0.5438888072731437
2022-09-21,0.6400000000000006,0.19484270400668896,0.2395844292786195
2022-09-22,-4.950000000000003,0.1966382761530765,0.22085846693581812
2022-09-23,-1.8999999999999917,0.26273245553737734,0.0030967337159939863
2022-09-26,1.7399999999999949,0.8981544496758377,0.5820853567263079
2022-09-27,3.700000000000003,0.4870578560170365,0.403038959148957
2022-09-28,-0.8299999999999983,-1.3595324370987123,-2.0301487159660243
2022-09-29,-1.8700000000000043,0.5687223796031394,1.1663855345505525
2022-09-30,4.140000000000001,0.18214855450103037,-0.03901138617874488
2022-10-03,2.8200000000000074,0.7741267662778442,0.02405924985019524
2022-10-04,1.3499999999999943,-0.055030806208810464,0.5603571328830635
2022-10-05,0.6800000000000068,0.12332242114538138,0.11851424181902537
2022-10-06,4.1699999999999875,-0.2124698870552058,-0.5743583377515933
2022-10-07,-1.4699999999999989,-0.8056753886479376,-0.6526668073174032
2022-10-10,-1.8499999999999943,-1.9376207581168103,-2.4957440973201166
2022-10-11,-1.9200000000000017,0.2403108347941468,-0.12680495280214527
2022-10-12,1.7600000000000051,0.5322270387243304,0.3132317802790421
2022-10-13,-3.490000000000009,0.014510936488456763,-0.3340397608791865
2022-10-14,-0.0999999999999943,0.612925730267086,0.10848975798996296
2022-10-17,-2.7099999999999937,-0.3982429595536667,-0.7427544958391064
2022-10-18,2.7099999999999937,0.11123942062846402,-0.13522289886935313
2022-10-19,0.019999999999996,-2.135620237296868,-1.5400595335246736
2022-10-20,-0.5499999999999972,-1.185620289207363,-0.5845223932245291
2022-10-21,0.6500000000000057,0.016852163061923515,-0.06885583821997493
2022-10-24,0.8100000000000023,0.17948993850165787,-0.059656199460609516
2022-10-25,2.4599999999999937,-0.6025992523046828,-0.9306926887797378
2022-10-26,-0.3299999999999983,-0.15552246166546382,-0.5288743140896777
2022-10-27,-1.210000000000008,0.20078516728352494,0.24366677957805438
2022-10-28,-1.309999999999988,0.1775188369166165,-0.02735560999608233
2022-10-31,1.8199999999999932,-0.5259205209621491,-0.30287226794842476
2022-11-01,1.7000000000000028,0.1885914745310697,-0.03963228869531243
2022-11-02,-1.9200000000000017,-0.29037364127874216,-0.5229364799180047
2022-11-03,4.439999999999998,-0.5345706220425384,-0.6536049685565822
2022-11-04,-0.7800000000000011,0.7076616786046077,0.11631459858419112
2022-11-07,-3.0,-0.7008950889291857,-0.84618677190523
2022-11-08,-3.009999999999991,-0.12376278982201279,0.021752096210045438
2022-11-09,0.7299999999999898,0.1573689406370424,0.38148661413529766
2022-11-10,2.6200000000000045,-0.8367376989874371,-0.8922581326856583
2022-11-11,-3.2900000000000063,-0.3409546045241778,-0.08131318819714656
2022-11-14,1.0200000000000102,-0.23137906035491762,0.17410473857426223
2022-11-15,-1.25,-1.9383847892168036,-1.0071978966768023
2022-11-16,-3.930000000000007,-0.4519844311264961,-0.5722239572510169
2022-11-17,-1.6200000000000043,0.273297945951959,-0.24975994972407647
2022-11-18,-0.3299999999999983,-0.5821417753745298,0.16888330798047965
2022-11-21,1.0900000000000034,0.1813621607257508,0.3369559670457941
2022-11-22,-2.8999999999999915,0.49937348121482117,0.3757594673619291
2022-11-23,-1.480000000000004,0.9279845470111899,0.6733127308566009
2022-11-25,0.6499999999999915,-0.8778716252291675,-0.756946282724224
2022-11-28,0.8599999999999994,0.5031639267154131,0.31836269928236405
2022-11-29,2.5200000000000102,0.36281124693488725,0.43980408945200544
2022-11-30,0.5799999999999983,0.2831576430690657,-0.44577896356406443
2022-12-01,-1.2000000000000028,-1.7597271515211326,-1.9993741552443824
2022-12-02,-3.030000000000001,0.26536481613625845,0.06986553439687437
2022-12-05,-2.6200000000000045,1.1230624207080289,0.7823404437342709
2022-12-06,-2.279999999999987,-0.3616241013188854,-0.21631655110564038
2022-12-07,-0.6300000000000097,0.4092714434073558,0.023245071062952868
2022-12-08,-0.25,1.1239210023427242,0.5712574202730573
2022-12-09,1.9099999999999968,0.4369733291751693,0.28967407269053563
2022-12-12,2.480000000000004,0.5004243635321958,0.499237008010371
2022-12-13,1.7000000000000028,-1.9092867235127187,-1.6069050704659098
2022-12-14,-1.25,-0.031304006126046405,-0.025857500822743826
2022-12-15,-1.7000000000000028,-0.5467608805881459,-0.5840154839366565
2022-12-16,0.8599999999999994,-0.6817495557183512,-1.0699244567447503
2022-12-19,0.8700000000000045,0.1747585561989334,0.21488339449766988
2022-12-20,2.25,-0.010199557169081205,0.49887225329435964
2022-12-21,-0.4899999999999949,-0.11167167642302271,-0.04337559131950418
2022-12-22,1.8899999999999864,-0.48810191130465996,0.07266339401071037
2022-12-23,-0.1199999999999903,0.47843758093408206,0.25991113583442566
2022-12-27,-0.5600000000000023,-0.1090376196731858,-0.4346920898536639
2022-12-28,-0.4599999999999937,0.05480585131871748,-0.13978730915285048
2022-12-29,1.7299999999999898,0.3307069585640784,0.10041657185376571
2022-12-30,-3.289999999999992,0.5250809820055771,0.16145145622998047
2023-01-03,-4.050000000000011,-0.8619239085065498,-1.7111558591093488
2023-01-04,0.7900000000000063,0.7920431708632706,-0.12628612049544138
2023-01-05,0.1599999999999966,1.0503865106070274,0.6638360476757587
2023-01-06,0.9200000000000016,-1.2101715212335133,-2.0389056939482195
2023-01-09,0.4200000000000017,0.061812211959741785,-0.12788292810136012
2023-01-10,2.3499999999999943,0.29619877656555615,0.28488799823985006
2023-01-11,0.8599999999999994,-1.3876772818255159,-2.0993564061236936
2023-01-12,1.5800000000000125,-0.6827898569674339,-0.6532979266286659
2023-01-13,0.3499999999999943,-3.869407991497966,-3.9772100199209315
2023-01-17,-0.7199999999999989,-2.961575344463598,-3.083443180199994
2023-01-18,0.7800000000000011,-2.3104980449052945,-2.4508533118460507
2023-01-19,0.9599999999999936,-2.3104980449052945,-2.4508533118460507
2023-01-20,0.3500000000000085,0.04878526981178678,0.129756455194473
2023-01-23,-1.7600000000000051,0.09410124304844845,-0.17138332310369273
2023-01-24,-0.0799999999999983,0.38180292817312855,-0.2525109006696115
2023-01-25,0.8599999999999994,0.5141570507475757,0.1555179829031851
2023-01-26,-0.9099999999999966,0.13874807521170276,-0.14723995874193122
2023-01-27,-1.7600000000000051,-0.21836569197542405,-0.49146714653449025
2023-01-30,0.980000000000004,-0.16595782800862485,-0.31856638341910504
2023-01-31,-2.609999999999999,0.41864509956538426,0.365213789772664
2023-02-01,-0.4699999999999988,0.2227658481856071,-0.15946137398022403
2023-02-02,-2.469999999999999,0.38101287602329453,-0.4270493160238782
2023-02-03,0.7099999999999937,1.2495239699120164,0.5700691117198462
2023-02-06,3.0600000000000023,0.5391434524701646,0.21256582140606853
2023-02-07,1.2999999999999972,0.32282182593532593,-0.0952191878072464
2023-02-08,-0.4299999999999926,0.8071729990965942,0.4787228068299164
2023-02-09,1.6999999999999886,0.8359491953248791,0.3965100112390516
2023-02-10,0.4000000000000057,0.2099497841499418,0.08636760992243607
2023-02-13,-1.0600000000000025,0.5948696948294562,0.3576579825668049
2023-02-14,-0.5100000000000051,0.6175715447758786,-0.005947973577036401
2023-02-15,-0.1199999999999903,0.4648624369781815,-0.09877785637017004
2023-02-16,-2.140000000000001,0.15003069486816353,-0.021053770180366423
2023-02-17,-0.0300000000000011,-2.7383159371659898,-3.9288512927823303
2023-02-21,-2.3299999999999983,-1.931874431574319,-2.4304985391685494
2023-02-22,1.3100000000000025,-1.8419677573432869,-3.1106607058471525
2023-02-23,0.9299999999999926,-1.2807971320160154,-1.7979086708146077
2023-02-24,-0.6200000000000045,0.3393265547092864,0.11250255889547893
2023-02-27,1.3100000000000025,0.6839650585106973,0.08542738985704657
2023-02-28,0.6899999999999977,0.1239582156777588,-0.14564700136934416
2023-03-01,0.480000000000004,0.2153517651119223,0.8152796689082761
2023-03-02,1.5700000000000074,0.09500246034682056,-0.014707069645354872
2023-03-03,0.769999999999996,-0.7715559285097084,-0.31865969228429647
2023-03-06,-2.9399999999999977,0.12199592374991626,0.08172547430791902
2023-03-07,-0.8900000000000006,-0.5468520603014871,-0.0911163698370478
2023-03-08,-0.960000000000008,-0.45351686716317496,-0.08778797731678811
2023-03-09,0.9500000000000028,0.28164357277093216,0.14534991810950598
2023-03-10,-1.8699999999999903,-0.19624723691869028,-0.5370258651637189
2023-03-13,-3.5,-0.4575189421538734,-0.04920733395601713
2023-03-14,-3.8000000000000114,2.7898620213832057,2.0847761351880747
2023-03-15,0.7700000000000102,-0.34232628626558614,-0.19992974018491988
2023-03-16,-1.5400000000000065,0.3316009105212676,0.6524134780275829
2023-03-17,0.9500000000000028,-1.6666260454077049,-1.374902203909029
2023-03-20,1.8400000000000032,0.5748122232611808,0.43230867189015165
2023-03-21,1.309999999999988,0.27684606052280564,0.7014257431595582
2023-03-22,-0.9399999999999976,-1.0908129560177482,-0.7897600782766588
2023-03-23,-0.5499999999999972,-0.5545184614749811,-0.8510595260786791
2023-03-24,3.6500000000000057,0.26034865970617377,0.4981340170385541
2023-03-27,0.25,-0.31823932885856754,0.9295444417784214
2023-03-28,-0.1700000000000017,1.3502335446065286,1.7326713315575435
2023-03-29,1.3699999999999903,0.326229166446022,0.526303452880026
2023-03-30,1.3600000000000136,0.46776925579007345,0.4798780604956534
2023-03-31,4.719999999999999,-0.2383858688519458,-0.18940409063186275
2023-04-03,0.2999999999999971,-2.1506671378294833,-2.064335125300029
2023-04-04,-0.0100000000000051,-2.095832294799597,-2.2347050072133774
2023-04-05,0.0100000000000051,0.16543291344304775,0.10449246329743565
2023-04-06,-0.9099999999999966,0.31663314589493646,0.152520834475465
2023-04-10,1.75,0.512078058319264,0.734215245511132
2023-04-11,1.7199999999999989,0.030617248871871942,-0.3426240883622799
2023-04-12,-1.1000000000000083,0.01890949122716354,-0.21167751240172727
2023-04-13,0.4200000000000017,0.653280941182743,0.3954956310759928
2023-04-14,-1.6499999999999917,0.3591426928575417,0.37045169595038213
2023-04-17,-0.0800000000000125,0.8314821465942036,0.7833391456537403
2023-04-18,-1.6699999999999875,-0.06099098277426773,-0.05508647194275355
2023-04-19,-1.9100000000000108,0.5629974651632702,0.5491170502880708
2023-04-20,0.5900000000000034,0.1502779769147169,-0.013591230433727777
2023-04-21,0.7800000000000011,0.13631870693723827,-0.19615456700552256
2023-04-24,-1.5900000000000034,-0.014101018288754071,-0.07034974294965404
2023-04-25,-2.719999999999999,-0.3093529615579781,0.4093466793797849
2023-04-26,0.4399999999999977,0.7783903840335324,1.0096127196369444
2023-04-27,2.010000000000005,0.002014913914887697,0.1202369831608085
2023-04-28,-1.1299999999999957,-0.0223557733355736,0.09681619408085254
2023-05-01,-3.940000000000012,-0.2494619248666643,-0.12905369731213798
2023-05-02,-3.089999999999989,-0.41213927468300815,-0.5260974283749651
2023-05-03,-0.1000000000000085,0.4792252798768856,0.46204944040377627
2023-05-04,2.799999999999997,-0.40539645218028814,-0.2957862278342401
2023-05-05,1.8100000000000025,1.104670390414513,1.250881729006544
2023-05-08,0.5500000000000114,0.7206838000823378,0.532288883257959
2023-05-09,-1.1500000000000057,0.3200542827877285,0.9490530068581691
2023-05-10,-1.7199999999999989,-0.20761378048866208,-0.9798768131719142
2023-05-11,-0.7900000000000063,-0.14766233022234573,0.05729025231716447
2023-05-12,1.0499999999999972,-0.04250428522632285,0.1528429676959057
2023-05-15,-0.2199999999999988,-0.17731252502885295,-0.11520828060139846
2023-05-16,1.9300000000000068,-0.21030927551240589,0.2766567795120387
2023-05-17,-0.960000000000008,-0.18765072311228834,0.1914592857173246
2023-05-18,-0.25,-0.23294166123654314,-0.1376604956935132
2023-05-19,0.2400000000000091,-0.03953648623254446,0.14837648942517503
2023-05-22,1.0600000000000025,-0.1694115900382393,0.15192687954271458
2023-05-23,1.5,-0.36354243785209567,-0.15717493840103472
2023-05-24,-2.6899999999999977,-0.49693987488103414,-0.3071757569481682
2023-05-25,0.6699999999999875,-0.7749613797726131,-0.34753667001350824
2023-05-26,-2.8999999999999915,-1.4130133612170188,-1.1314325541913741
2023-05-30,-1.3400000000000034,-0.5499136869017628,-0.8250878453295404
2023-05-31,1.980000000000004,-1.1602505526033338,-1.0329937433246361
2023-06-01,1.6700000000000017,0.08072191398226228,-0.2720533377820324
2023-06-02,0.3799999999999954,0.025601468526176258,-0.09981103282292428
2023-06-05,-0.4300000000000068,-0.3566667587957363,-0.5360549082320762
2023-06-06,0.8100000000000023,-0.2785202576064665,0.0381672620030581
2023-06-07,-1.2399999999999949,0.03941778063947128,0.3473535434801571
2023-06-08,-1.1200000000000043,0.32406179427599785,0.2023521745673172
2023-06-09,-3.0799999999999983,0.1137505902224961,0.08064976095278754
2023-06-12,2.3100000000000023,0.10404202842657095,-0.018080549645825592
2023-06-13,-1.1700000000000017,-1.32444394421507,-1.1844119720518087
2023-06-14,2.390000000000001,0.03559997442092973,0.2799474378595812
2023-06-15,1.2000000000000028,-0.43798688303305505,-0.5792649800844851
2023-06-16,-0.8700000000000045,-0.139640732166766,0.23127853755159486
2023-06-20,1.6099999999999994,-0.15183242836912744,-0.26242305883537637
2023-06-21,-3.3299999999999983,-0.10412994330095936,0.1653871260781588
2023-06-22,-0.3100000000000023,0.6627822773564591,1.526201691588326
2023-06-23,0.1800000000000068,0.09471422093895371,-0.24461895821928817
2023-06-26,-1.4099999999999966,-0.25715165603304346,-0.09909654485085743
2023-06-27,1.8599999999999992,0.053635592560302994,0.5089498699746022
2023-06-28,0.309999999999988,-0.45857350716304607,-0.554804330935453
2023-06-29,0.8100000000000023,-0.06087983215625997,-0.07043395312786659
2023-06-30,-0.9500000000000028,-0.26215309207607185,0.03398817232510167
2023-07-03,2.0700000000000074,0.36405739295263134,0.4055883741226845
2023-07-05,-0.019999999999996,-0.161965960900798,-0.08872894179129
2023-07-06,2.1499999999999915,0.15361976479958192,-0.12910721891007051
2023-07-07,-0.8599999999999994,-0.04300378235793203,-0.6277658509098064
2023-07-10,1.8200000000000072,-0.6808561607133151,-0.8143314627547181
2023-07-11,0.8999999999999915,0.03965287977121292,-0.1651724734076345
2023-07-12,1.0900000000000034,-1.0117125840977859,-1.243501566905991
2023-07-13,-1.4200000000000017,-0.6596253412569203,-1.012523226210451
2023-07-14,-1.269999999999996,-0.07797725550158482,-0.03169910742982271
2023-07-17,1.5900000000000034,0.1343680429968964,0.09237844475246856
2023-07-18,-0.3599999999999994,0.2058769136070223,-0.18286354328850588
2023-07-19,0.25,-0.44185268024479135,-0.7155383964249892
2023-07-20,1.4099999999999966,0.09785238370975875,-0.2694866695410255
2023-07-21,1.75,-0.2619819427075719,-0.49124811174343785
2023-07-24,0.9500000000000028,-0.4238215367503417,-0.2272510631077146
2023-07-25,-0.6500000000000057,-0.4692029221236574,-0.3180208406985641
2023-07-26,1.0600000000000025,0.4928600302037998,0.2651689844173869
2023-07-27,0.3799999999999954,-0.8435569682682776,-1.0605429936213218
2023-07-28,1.25,-0.16137300171473976,-0.8420846452317605
2023-07-31,-0.4299999999999926,-0.0008246671644796747,-0.2141010064945747
2023-08-01,-1.8700000000000043,0.292899166746958,0.2115059582975635
2023-08-02,2.0600000000000023,0.47723694337499517,0.4294483766387781
2023-08-03,1.2000000000000028,0.14717925444580207,0.7361717492089378
2023-08-04,-0.8200000000000074,-0.39789621977753276,-0.8628384532833382
2023-08-07,1.0,0.6882608529266177,0.5016427657787538
2023-08-08,1.4099999999999966,-0.20611651044275173,-0.6110602749681929
2023-08-09,-1.539999999999992,-0.010579299659020866,0.19031462750769487
2023-08-10,0.3599999999999994,0.8021264582224353,0.6942695586437206
2023-08-11,-0.6700000000000017,0.905735581682183,0.44217176410479875
2023-08-14,-1.4399999999999975,0.35603008889257004,0.33497355528982825
2023-08-15,-1.6599999999999966,0.5715498190451634,0.4845212054076156
2023-08-16,1.0300000000000011,0.5258481873535911,0.4784176597347748
2023-08-17,0.8199999999999932,0.2342400449590665,0.0011990008247760864
2023-08-18,-0.5400000000000063,0.5109566200485126,0.37221025040731
2023-08-21,-0.4599999999999937,0.5918247267508618,0.8973314701985874
2023-08-22,-1.3400000000000034,0.341773195506782,0.2534576107117762
2023-08-23,0.6099999999999994,0.6063927577834324,0.6880421848816767
2023-08-24,0.9500000000000028,0.12537951799414596,0.09138938604824087
2023-08-25,0.1800000000000068,0.4922456588994409,0.9436287308505302
2023-08-28,0.4899999999999949,0.6272628123622216,0.6327831900886707
2023-08-29,0.5,0.5513196659431828,0.7705962312420339
2023-08-30,1.9099999999999968,0.5890818675291573,0.6190722768675869
2023-08-31,1.9699999999999989,0.057147731454137214,-0.1991761918438999
2023-09-01,1.2199999999999989,-0.41433081711569697,-0.45807491600048095
2023-09-05,0.8100000000000023,-0.41066440978106056,-0.5069678896280354
2023-09-06,-0.6799999999999926,-0.5091022192632391,-0.5411342415123161
2023-09-07,0.6400000000000006,-0.017854485730701225,-0.11616825093490785
2023-09-08,-0.2100000000000079,-0.02512537879176608,-0.030517105486733462
2023-09-11,1.5700000000000074,0.27702012032680295,0.3102994462846713
2023-09-12,-0.2800000000000011,0.19218858140969947,0.2619228408847644
2023-09-13,1.539999999999992,-0.09015429966124403,-0.24627761803717224
2023-09-14,0.7000000000000028,0.5441071284408742,0.59688806693462
2023-09-15,0.6400000000000006,-0.9623451522805241,-0.9924339082712272
2023-09-18,-0.3100000000000023,-0.14094299236821106,-0.025874582414941692
2023-09-19,-1.9599999999999935,-0.06556785208012664,0.09791446958816896
2023-09-20,0.3599999999999994,-0.7419349562426931,-0.060197007824782794
2023-09-21,0.4399999999999977,-0.6837829177406577,-0.9718244935091241
2023-09-22,-0.3199999999999932,-0.44105937581739385,-0.3246335594970374
2023-09-25,1.75,0.8581382077512374,0.9775293986359143
2023-09-26,2.239999999999995,0.4185302677070136,0.013424677020361167
2023-09-27,-2.019999999999996,-1.065428719004767,-0.6786877927370104
2023-09-28,-0.8800000000000097,-0.9401185474365075,-0.3205285272245342
2023-09-29,-1.9599999999999935,0.3892476561243645,0.36697751149186963
2023-10-02,0.4500000000000028,-0.0020659619568134833,-0.5519250805457266
2023-10-03,-4.940000000000012,0.04737489869177354,-0.1520129931583177
2023-10-04,-2.019999999999996,0.6443726078156867,0.05683840698873855
2023-10-05,0.5300000000000011,2.0522431690901555,2.8939555699090107
2023-10-06,3.0600000000000023,0.3689069946595133,0.05024471665669798
2023-10-10,-2.1899999999999977,-2.3877811798810913,-2.1836831330311357
2023-10-11,-0.8299999999999983,1.0946930917731499,1.0780619728185399
2023-10-12,4.799999999999997,1.2714155976216464,0.6150394941869916
2023-10-13,-1.019999999999996,1.8026385188254477,2.991877351505688
2023-10-16,0.0099999999999909,0.39325524929634326,0.44614001026616323
2023-10-17,1.6899999999999975,0.05416171617243777,-0.32797460435856146
2023-10-18,1.0,-0.17149033408307965,0.028536086982391143
2023-10-19,-0.2299999999999897,-1.0279154204489642,-0.8928402560565818
2023-10-20,-3.6300000000000097,-0.2323366040532343,-0.322711066368414
2023-10-23,-0.9099999999999966,0.8350494834178024,0.04082208200460065
2023-10-24,1.4899999999999949,-1.7039997139910343,-0.6810798337557422
2023-10-25,-2.269999999999996,0.6044045787659175,0.4277492233007164
2023-10-26,2.240000000000009,-0.12387135529552132,-0.4121062851735332
2023-10-27,-3.010000000000005,-0.7992482129749565,-0.9312608577004785
2023-10-30,-1.3900000000000006,0.55536371587502,0.5363610800709853
2023-10-31,-0.5900000000000034,-0.4829303201368987,0.21485734775927118
2023-11-01,1.990000000000009,-0.4669416971654885,-0.8168494668509172
2023-11-02,-1.8500000000000083,-0.4523727180099947,-0.9826291015432308
2023-11-03,0.3500000000000085,-1.141745327401583,-1.4844128189365058
2023-11-06,-3.5800000000000125,-0.3087284363544166,-0.7426100669602481
2023-11-07,-2.109999999999999,0.6446392639930733,0.8833232142656429
2023-11-08,0.4900000000000091,0.6347232340793002,0.3444306305021187
2023-11-09,2.519999999999996,0.15223562613657182,-0.8275796225918547
2023-11-13,0.0400000000000062,1.7764616750022646,1.5817272450619992
2023-11-14,-1.75,0.7463451465227415,0.46893176099147005
2023-11-15,-3.6500000000000057,1.4624264189442786,0.596007389868461
2023-11-16,2.969999999999999,2.2443460363254935,2.2312537806839545
2023-11-17,1.6299999999999957,-1.9997996660503514,-1.6612995512492235
2023-11-20,0.25,-0.33852924392688516,-1.3843321476810133
2023-11-21,-1.5499999999999972,-0.4775067432017341,-1.1960090469339488
2023-11-22,-1.9699999999999989,-0.29378613220470706,-0.43444501194898094
2023-11-24,-0.3700000000000045,-0.8416836655729171,-1.108167026522466
2023-11-27,1.6300000000000097,-0.01075915319017623,0.3552201960117491
2023-11-28,1.4699999999999989,-0.3186189983823336,-0.3953011265431586
2023-11-29,-1.9000000000000057,-1.3881939929723457,-1.602517771281118
2023-11-30,-1.9599999999999935,-1.4764341386269828,-1.96941049409774
2023-12-01,-0.9699999999999988,-0.10935001180243412,-0.3929285255198963
2023-12-04,-0.7800000000000011,0.07906751162418571,0.10920027018549414
2023-12-05,-2.969999999999999,-0.6235869919050514,-0.20628754218349626
2023-12-06,0.019999999999996,-0.5120854258965445,-0.16609582693487446
2023-12-07,1.8700000000000043,-0.30779109925665066,-0.38299348763383734
2023-12-08,0.0799999999999983,0.3966693616740979,0.4568634866265317
2023-12-11,-2.680000000000007,0.15300484881578308,-0.26034200301729693
2023-12-12,0.8200000000000074,0.4285978914456615,0.6311556750609076
2023-12-13,2.1199999999999903,-1.214953832193546,-2.000970586000958
2023-12-14,-0.1599999999999966,-2.001580742133636,-1.5995015658625193
2023-12-15,1.1099999999999994,-0.2570502448907565,-0.3802664442729206
2023-12-18,1.0700000000000074,0.12249432553865641,0.191662032628109
2023-12-19,0.6400000000000006,-0.2744800467566574,0.002020085971452654
2023-12-20,-0.2800000000000011,-0.885241050718723,-0.722918595465523
2023-12-21,-0.2999999999999971,-0.12452927048648946,-0.25906728209772284
2023-12-22,2.549999999999997,-0.3742267168338508,0.031968885196928296
2023-12-26,-1.5300000000000011,-0.10040410829953439,-0.1336329770122715
2023-12-27,-2.2900000000000063,-0.7583499700469946,-0.8535052022135173
2023-12-28,-0.1299999999999954,0.386631536054299,-0.40500294158030786
2023-12-29,-1.269999999999996,0.1925117239025137,-0.2145189384953267
2024-01-02,2.3499999999999943,0.712316430828484,0.5271954988443984
2024-01-03,-0.5900000000000034,-0.5691289749873528,-0.5784728081759355
2024-01-04,1.6200000000000043,0.6369680861042726,0.20849157834388865
2024-01-05,-2.9399999999999977,0.3394211170846541,0.06516626913292878
2024-01-08,1.3700000000000043,-0.19683790288122102,0.16948957114758367
2024-01-09,-0.8600000000000136,-0.002450627816096968,0.01679891052748656
2024-01-10,0.5800000000000125,0.08321711306522105,-0.22496170215854996
2024-01-11,0.789999999999992,0.09480141160926683,0.00036377499462109363
2024-01-12,-0.3100000000000023,0.019323203549352817,0.018880583024092335
2024-01-16,0.1600000000000108,0.9880993085848802,0.7271284179687453
2024-01-17,1.529999999999987,0.15713079536575686,0.0899760560137207
2024-01-18,-0.6299999999999955,-0.21643118259434044,-0.15364681177170803
2024-01-19,1.5700000000000074,-0.11460782755453823,-0.5330873985751595
2024-01-22,-0.5400000000000063,0.07912650671067399,0.23385250160303866
2024-01-23,0.7600000000000051,-0.004055508615467387,-0.1320220945243068
2024-01-24,2.4299999999999926,0.1232183402321382,0.10511384792254225
2024-01-25,0.5400000000000063,-0.29251885394242844,-0.40552148550127054
2024-01-26,-1.2000000000000028,-0.5155551038097034,0.09967978269659923
2024-01-29,1.0499999999999972,0.1496939286611112,0.29189777876312994
2024-01-30,-2.019999999999996,0.16775581227270595,0.18771433459441883
2024-01-31,-1.9200000000000017,0.25559488432551497,0.15090552131445892
2024-02-01,-1.6400000000000006,1.007087779258424,1.4294498496897712
2024-02-02,0.4899999999999949,0.17915035487319053,0.16000882902806085
2024-02-05,0.6200000000000045,-0.5036454442073166,-0.21012345927345705
2024-02-06,0.4300000000000068,0.19751955414736863,-0.008198453115517632
2024-02-07,2.4099999999999966,0.3243556160587522,0.36053114246623835
2024-02-08,0.5900000000000034,-0.5431451531806504,-0.3227593996287886
2024-02-09,0.0799999999999983,0.476500341650771,0.5749084548742164
2024-02-12,0.9399999999999976,0.31643557625227187,0.1559644238074241
2024-02-13,-1.1899999999999975,-1.0771572350345031,-0.5999269826778199
2024-02-14,1.3799999999999957,1.1441498033963018,0.9764392810728872
2024-02-15,1.1800000000000068,0.24606956104002364,0.01431469242834108
2024-02-16,-0.9300000000000068,-0.4089623670457132,-0.21904496991693395
2024-02-20,0.1700000000000017,0.7256452739168255,0.5888225736367236
2024-02-21,0.75,0.0710778427932061,0.1845519746390555
2024-02-22,-2.0400000000000063,0.7033602567408214,0.3105794612806204
2024-02-23,0.9300000000000068,1.0474329997487208,0.48959716032983513
2024-02-26,1.269999999999996,0.4097199474833961,0.5111984357467287
2024-02-27,-0.3599999999999994,0.3239658393253492,0.17840308986837422
2024-02-28,-0.2199999999999988,0.3516922822709656,0.4839368698220356
2024-02-29,1.6800000000000068,0.5344688080713261,0.5890379884453781
2024-03-01,-1.230000000000004,0.7806165974157354,0.830395133144319
2024-03-04,-0.5600000000000023,0.500227239130785,0.8779545214362756
2024-03-05,0.9699999999999988,0.5447759296033905,0.8117337314588768
2024-03-06,-0.269999999999996,0.6791774806590486,0.6949098465115975
2024-03-07,-0.8500000000000085,0.8351201461045276,0.5630181270894987
2024-03-08,-0.0899999999999892,0.5546881746683521,0.4969495198413816
2024-03-11,-0.3599999999999994,0.3809705986757491,0.38324397398455595
2024-03-12,2.1599999999999966,0.39758620779964426,0.32899970487827945
2024-03-13,1.4899999999999949,-0.02008450671102341,-0.3874893069011644
2024-03-14,-0.2199999999999988,0.4287453215174141,0.5730093901941942
2024-03-15,1.740000000000009,0.38731054345354066,-0.008403410938492574
2024-03-18,0.7099999999999937,0.3945296524228987,0.3464560018569753
2024-03-19,-1.5999999999999943,0.4996378629513334,0.4296269427136263
2024-03-20,-0.8000000000000114,0.698377907429135,0.810781761286533
2024-03-21,-0.8900000000000006,0.3589011345596281,0.07615102678244573
2024-03-22,1.3100000000000025,0.3801461737554309,0.5037634919772108
2024-03-25,0.0,0.37464400245883817,0.2782647912822009
2024-03-26,-0.2599999999999909,0.29436021258152656,-0.018421764902134555
2024-03-27,1.809999999999988,0.4697560218180401,0.420147943070024
2024-03-28,0.5800000000000125,0.42414900843218917,0.28717013769899635
2024-04-01,1.4099999999999966,-0.3348539945118795,-0.22356688469961633
2024-04-02,0.269999999999996,-0.14069288624181714,-0.02683817560652537
2024-04-03,1.1500000000000057,-0.34922255239510097,-0.42909550787689604
2024-04-04,0.3199999999999932,0.1535217231284417,0.42319421843029825
2024-04-05,-0.4500000000000028,-0.13866342243161472,0.3358069946625222
2024-04-08,-1.1999999999999886,-0.11709177499515862,-0.18351239526954735
2024-04-09,0.9399999999999976,0.2827742635385221,0.7795795911426117
2024-04-10,-1.1899999999999975,-0.11083891898598411,-0.4151108752899998
2024-04-11,0.6699999999999875,0.12597023037957686,0.5113208337060001
2024-04-12,-0.25,0.1757583023689955,0.16429076641137053
2024-04-15,-0.059999999999988,-0.2673190554296956,0.036632175198098076
2024-04-16,-2.5700000000000074,-0.0041231887560643585,-0.20262592949737238
2024-04-17,-0.0799999999999983,0.21827154318196643,0.028019422320120033
2024-04-18,0.2900000000000062,0.30753570125286706,0.08389684861349156
2024-04-19,0.0299999999999869,-0.1828081862050137,0.07460769486250357
2024-04-22,0.3500000000000085,0.04526778285512383,0.1501876813089948
2024-04-23,-0.0799999999999983,-0.1316359681043003,-0.21625885598100056
2024-04-24,0.8299999999999983,-0.11931293308702913,0.1163727056806274
2024-04-25,0.4599999999999937,-0.050041103828364956,-0.19865357844536644
2024-04-26,-1.1199999999999903,-0.3588736533379268,-0.3907544127304464
2024-04-29,-0.7700000000000102,0.1624909636954159,0.01714636591480231
2024-04-30,-2.789999999999992,0.33351428495186847,-0.15526446793008292
2024-05-01,-0.1099999999999994,0.8253154981470818,-0.10006027375775978
2024-05-02,-0.9399999999999976,-0.9352733731688404,-1.3774700703262264
2024-05-03,0.4499999999999886,0.25340496817706576,-0.06922581971369635
2024-05-06,-0.1299999999999954,-0.2298153846595743,-0.3564942874300036
2024-05-07,0.5999999999999943,-0.13860587436196906,-0.3606109873825103
2024-05-08,0.2900000000000062,-0.1481206304689116,-0.12968516431216331
2024-05-09,-1.0499999999999972,-0.19476751942698303,-0.2922136554088417
2024-05-10,0.8999999999999915,-0.20529886806113012,-0.12045381486737407
2024-05-13,-1.0899999999999892,-0.028426952438016705,-0.055191043114378203
2024-05-14,0.6099999999999994,-0.21752309065696182,-0.33058030139114697
2024-05-15,0.6199999999999903,0.15604794596153923,-0.19185382383664112
2024-05-16,0.8100000000000023,0.18116308037023984,0.18188868231090455
2024-05-17,-0.269999999999996,0.0403938892726689,0.04137708880701268
2024-05-20,-0.730000000000004,0.06377111192172391,0.19104618932161738
2024-05-21,-1.509999999999991,0.17400015318604628,-0.07640406446533463
2024-05-22,-1.6800000000000068,0.0658916983090164,-0.06852689564022267
2024-05-23,1.0100000000000051,-0.14916396787819652,-0.0639243805240159
2024-05-24,2.4200000000000017,-0.2028487404420898,-0.3564350847527106
2024-05-28,-0.6600000000000108,-0.38722590649943256,-0.004311974814047762
2024-05-29,-1.2800000000000011,0.024617152122710092,-0.6292806714859318
2024-05-30,-0.9899999999999948,-0.13364983302522165,-0.2045475634607324
2024-05-31,-2.7099999999999937,0.295073580530948,-0.046491733716132876
2024-06-03,-0.9900000000000092,0.01660890020595616,0.5447343715193235
2024-06-04,0.8100000000000023,0.35647472600612484,0.47829946164003084
2024-06-05,1.4399999999999975,0.32694219148273185,-0.061873842131864025
2024-06-06,0.0100000000000051,0.3296063482486935,0.25559985500540655
2024-06-07,2.219999999999999,-0.06464803237059359,-0.9406465941658706
2024-06-10,0.1299999999999954,-0.12152181934541395,0.03492071766850482
2024-06-11,0.6800000000000068,-0.00949475021020119,0.09202863070573092
2024-06-12,0.0499999999999971,-0.07511231683808765,-0.3688719792230799
2024-06-13,-0.2000000000000028,-0.2314647488954998,-0.40001421186129843
2024-06-14,1.9200000000000017,-0.20036441794186827,0.006437896932772802
2024-06-17,1.3400000000000034,0.04876485863720618,0.18110725376025047
2024-06-18,0.6700000000000017,-0.13793572347478056,-0.03028264832678923
2024-06-20,-1.6300000000000097,-0.021247910823710477,0.11440394007360641
2024-06-21,0.9200000000000016,0.053115682793296426,-0.2847309426017103
2024-06-24,-0.6599999999999966,-0.04501470391989584,-0.00823531966149009
2024-06-25,0.2199999999999988,0.06627907649477219,0.11269386480590572
2024-06-26,0.8500000000000085,0.4487153821200013,0.15001804679359151
2024-06-27,-0.2100000000000079,0.04155994571001497,-0.05458934221811001
2024-06-28,1.8700000000000043,-0.2861168046745638,-0.1707447142287899
2024-07-01,-0.6099999999999994,0.1595474684439308,0.13512553823500476
2024-07-02,1.0999999999999943,-0.5462025565546107,-0.38975870585704453
2024-07-03,-0.75,-0.08717701904318566,-0.37320264756400257
2024-07-05,-0.8100000000000023,-0.05492495552446331,-0.545914791027206
2024-07-08,-0.8499999999999943,-0.1984224949327815,-0.26132709722446373
2024-07-09,0.6099999999999994,-0.23095736609890472,-0.1579154220510573
2024-07-10,0.5300000000000011,-0.24997005773425884,-0.3373578984307089
2024-07-11,-0.4300000000000068,-0.39872487805252865,-0.3580974339192885
2024-07-12,-0.269999999999996,-0.23692307595587767,-0.19948402766650192
2024-07-15,-1.2999999999999972,-0.13679009822482513,-0.23652471322384627
2024-07-16,2.239999999999995,0.0678530270032109,-0.23987748233507777
2024-07-17,0.0100000000000051,-0.4452906233294554,-0.2930209897569747
2024-07-18,-2.739999999999995,-0.2803396076949207,-0.23760036332380094
2024-07-19,-0.1800000000000068,0.20462000117684745,0.1021028325925097
2024-07-22,-3.010000000000005,-0.33863882882779894,-0.6899273161344809
2024-07-23,0.5400000000000063,0.4778623967917432,0.4257604905643784
2024-07-24,0.6500000000000057,-0.4728680188993978,-0.004791271555185343
2024-07-25,-0.8500000000000085,-0.13771686981005715,-0.2498421216600204
2024-07-26,-1.3100000000000025,-0.5516382754856183,-0.6697223196623955
2024-07-29,-1.0999999999999943,-0.044582155808055364,-0.04593424080703138
2024-07-30,3.1899999999999977,-0.05855369814345118,-0.04743835845309484
2024-07-31,-1.6200000000000043,-0.9494865423943948,-1.0759299557597064
2024-08-01,-2.75,0.40429835256685753,-0.6679689770093336
2024-08-02,-0.5300000000000011,-0.7257328647762763,-0.5418004444820946
2024-08-05,0.1400000000000005,-0.594691660680531,-0.31890786822282835
2024-08-06,2.0800000000000125,1.3455463403903525,1.2801915384057254
2024-08-07,0.9599999999999936,-0.431333588946245,-0.22819857723919806
2024-08-08,0.6400000000000006,0.1453393953208025,-0.3148641874917016
2024-08-09,3.1700000000000017,0.15096166620229784,-0.12105176567747453
2024-08-12,-1.6400000000000006,-0.7571695529291279,-0.8529463176180574
2024-08-13,-1.3400000000000034,1.7689247763643288,1.4633222401083117
2024-08-14,1.1899999999999975,0.7660233545544833,0.7217961043439202
2024-08-15,-1.6099999999999994,0.25810631284228897,0.1371861223843547
2024-08-16,-2.230000000000004,0.8027951537484223,0.5646021945900631
2024-08-19,-0.5499999999999972,0.2517609423231949,0.00030200949487032284
2024-08-20,-2.509999999999991,-0.2883798550705657,-0.41992536161287636
2024-08-21,0.9599999999999936,0.13716068144193092,-0.0686883895119623
2024-08-22,2.0999999999999943,-0.06138955741240357,-0.5843499310079228
2024-08-23,2.5800000000000125,-0.3794086447445843,-0.6146287984336474
2024-08-26,-1.9000000000000057,-0.49478787777837063,-0.8576429336205039
2024-08-27,-1.0100000000000051,1.1216120850698796,0.9106833559005314
2024-08-28,1.4100000000000108,0.29901924146370923,0.276578204849899
2024-08-29,-2.3800000000000097,0.13271460068732924,0.11358622114683589
2024-08-30,-3.239999999999995,0.6146293460157214,0.8155708599580308
2024-09-03,-1.1700000000000017,0.46104292173588207,0.2733250744613752
2024-09-04,-0.019999999999996,-0.006979765049567037,0.2365242114504919
2024-09-05,-1.5100000000000051,-0.6986555497870052,-0.7640588607919612
2024-09-06,1.0700000000000074,-0.786629079306604,-0.8346133015873209
2024-09-09,-2.9200000000000017,0.891104151753716,0.35031201895358505
2024-09-10,1.519999999999996,0.7244873932369804,0.7031709498287214
2024-09-11,1.6400000000000006,-1.1686762275814115,-0.648227026636966
2024-09-12,-0.2999999999999971,0.8686372394496856,0.4995706526795019
2024-09-13,1.509999999999991,0.04061165370371688,-0.5023872313750912
2024-09-16,1.0600000000000025,-0.34170571783291354,0.16831713292906117
2024-09-17,-0.289999999999992,-0.46698708737834477,-0.34808610962341324
2024-09-18,0.9899999999999948,0.1497092285716371,0.19453557565499136
2024-09-19,-0.1400000000000005,-0.054172565741456284,-0.15027379423215756
2024-09-20,-1.3900000000000006,-0.813896901138884,-0.4603103705405175
2024-09-23,1.0100000000000051,-0.38386974165328636,-0.4525516769615778
2024-09-24,-1.9200000000000017,-0.1992102986052916,-0.23861025609427258
2024-09-25,-2.140000000000001,-0.24220917891598026,-0.4507595138280854
2024-09-26,0.4399999999999977,0.6410108683304327,0.8024057834211952
2024-09-27,0.0300000000000011,-1.118101070298872,-1.1049795081407303
2024-09-30,1.6599999999999966,-0.6738463692585795,-0.15768784872753341
2024-10-01,0.3299999999999983,0.5150459792810149,0.3278453968128588
2024-10-02,3.5900000000000034,0.2663530339481863,0.11353980989677975
2024-10-03,0.6000000000000085,-0.25375742768370146,-0.5616605820440358
2024-10-04,2.8299999999999983,0.003842318996799412,0.1911423635452169
2024-10-07,-3.5,0.23343337663521824,0.2205957596721816
2024-10-08,-0.4100000000000108,0.292666626977991,0.08007029065904939
2024-10-09,2.609999999999999,0.09256494586599866,-0.1711143072838197
2024-10-10,-0.3499999999999943,-0.003427069467499772,-0.14708983602186676
2024-10-11,-4.890000000000001,-0.37248808015478935,-0.7131821630726558
2024-10-15,-0.25,0.8464939159316326,0.6759131763325944
2024-10-16,0.2900000000000062,1.7131400077985939,1.160281291968826
2024-10-17,-1.480000000000004,0.38561740217249263,0.3618844125306138
2024-10-18,1.3799999999999957,0.8920945882129667,0.9432872556086472
2024-10-21,1.6800000000000068,0.42480729903445835,0.401269679074775
2024-10-22,-1.4699999999999989,0.23215069536596794,0.4149177361682443
2024-10-23,-0.7900000000000063,0.4956378821917904,0.7147759203134338
2024-10-24,1.4399999999999975,0.19367535029561014,8.707626878506761e-05
2024-10-25,-4.36999999999999,0.006907926641209805,-0.005218641651627181
2024-10-28,-0.1700000000000017,0.8023334034923588,1.2148873816968575
2024-10-29,1.4299999999999926,1.266728426112853,1.2046777348907665
2024-10-30,0.6700000000000017,0.06717046728619802,-0.02130414234299401
2024-10-31,0.2300000000000039,0.8603830988668258,0.36166255105567613
2024-11-01,2.019999999999996,0.3592750583311528,0.9148648957171658
2024-11-04,0.4300000000000068,-0.24862403143004952,-0.07068811645608193
2024-11-05,-0.2800000000000011,0.41920235267498124,0.36445610978918364
2024-11-06,0.7099999999999937,-0.0655671721481732,-0.19601001896468612
2024-11-07,-2.0,-0.006462926962330583,0.22043255243619872
2024-11-08,-2.259999999999991,-0.21701560350949425,0.31292033790871904
2024-11-12,0.3299999999999983,0.8698792839879685,1.5371397681318157
2024-11-13,0.2299999999999897,0.4726472853641426,0.6739661383969751
2024-11-14,-1.6599999999999966,0.2703427990526752,0.3610214601968908
2024-11-15,2.1299999999999955,0.22922698961147583,-0.0068687896328210075
2024-11-18,0.2900000000000062,0.3436201391844196,0.39809487028841967
2024-11-19,-0.5,0.5304258303596329,0.8023223877914538
2024-11-20,1.1400000000000006,0.38082954856330725,0.2750231014235693
2024-11-21,1.2900000000000065,0.3805326488622807,0.48418007496050613
2024-11-22,-2.2700000000000102,-0.17627384070089647,0.14445213827232162
2024-11-25,-0.3599999999999994,0.47629128209416277,0.4795489773106932
2024-11-26,-0.019999999999996,0.6741531461912835,0.5192951848945631
2024-11-27,-0.769999999999996,0.06383938210263701,0.09367273467241657
2024-11-29,0.0899999999999892,0.13861035040530537,0.11484931519208925
2024-12-02,1.8000000000000114,-0.1635433709030786,-0.21875741577059302
2024-12-03,-1.3400000000000034,0.1911504914707501,0.137753605377028
2024-12-04,-0.2300000000000039,-0.2933739151220606,-0.40912980828068723
2024-12-05,0.0,-0.2080861434541594,-0.0826976417461661
2024-12-06,0.0700000000000073,0.18324076037408638,-0.15953475266094755
2024-12-09,0.1999999999999886,-0.4389097833780874,-0.31902634437709565
2024-12-10,1.7199999999999989,-0.1926564915070023,-0.13484452570924402
2024-12-11,-0.3199999999999932,-0.15087110874537155,-0.1259784332094287
2024-12-12,1.2900000000000065,-0.22643993976746002,-0.41448108811794343
2024-12-13,-0.5100000000000051,-0.19719280756479238,-0.14747640483396735
2024-12-16,-0.7199999999999989,-0.2547682501267243,-0.2928006964977961
2024-12-17,0.4899999999999949,-0.031460165371185754,-0.1811751100012393
2024-12-18,-0.7000000000000028,-1.8329543219307625,-2.365183780118371
2024-12-19,-0.3900000000000005,-0.3246241683695274,-0.2791735564318414
2024-12-20,-0.2099999999999937,0.9892971727583237,1.314291623701763
2024-12-23,1.3700000000000043,0.1895611296053674,0.19283926534890083
2024-12-24,-0.4900000000000091,0.48049347598541003,0.41775439236475365
2024-12-26,0.9000000000000057,-0.21881490177577934,-0.3417175948184659
2024-12-27,0.4500000000000028,-0.6955773854643806,-0.5951008750761743
2024-12-30,0.7099999999999937,-0.4128174619606996,-0.6403301883866387
2024-12-31,1.3500000000000083,-0.051776296623284306,-0.1822007384188435
2025-01-02,0.8499999999999943,-0.3526676877803277,-0.10957658288421941
2025-01-03,-0.3299999999999983,-0.34828403360310595,-0.37147342788255666
2025-01-06,0.6799999999999926,-0.09062456755978361,0.08252178037330898
2025-01-07,-1.0,0.45418159629031657,0.13052919110293723
2025-01-08,3.280000000000001,-0.13831568112583884,-0.01468199655613325
2025-01-10,2.299999999999997,1.259294084882986,0.64962169990762
2025-01-13,-1.3699999999999903,-1.0948398115665465,-0.5873320077359429
2025-01-14,2.530000000000001,-0.03918012860753296,-0.026110841042113433
2025-01-15,-1.3800000000000097,-0.026140264072483696,-0.34271315565940913
2025-01-16,-0.789999999999992,-1.2017087982970978,-0.9117343724420411
2025-01-17,-1.769999999999996,0.43897069258560906,0.21907387489087002
2025-01-21,-0.6700000000000017,0.6073563895435092,0.3584399640595291
2025-01-22,-1.0900000000000034,0.271815914523266,0.30245858000837444
2025-01-23,-0.0600000000000022,-0.0811488489718315,-0.24682744842661414
2025-01-24,-1.4599999999999935,-0.09794654470301971,-0.1674272836602619
2025-01-27,0.6400000000000006,-0.6222906037383624,-0.8319305273578451
2025-01-28,-1.210000000000008,0.2570669514596049,0.18340065596778965
2025-01-29,0.1599999999999966,-0.1621001639686382,-0.19850023701439926
2025-01-30,-0.2599999999999909,0.10043234164325134,-0.10325443551285145
2025-01-31,0.6799999999999926,-0.1958767529863405,0.17044834554995278
2025-02-03,-0.4799999999999897,0.1865649142346338,0.2605687495683576
2025-02-04,-1.6500000000000057,-0.062065142455049994,-0.06571868654536267
2025-02-05,-0.4200000000000017,0.8956026724873557,0.9151852442474174
2025-02-06,0.3499999999999943,-0.13309518437953877,-0.05177715197503055
2025-02-07,1.4100000000000108,-0.21814908016542087,0.12163383606980584
2025-02-10,0.9399999999999976,0.16848355562729467,0.19274742971998027
2025-02-11,-1.9500000000000028,-0.029331615303275396,0.0841448034842524
2025-02-12,-0.0600000000000022,0.8566362469092031,0.8434052445871043
2025-02-13,-0.6099999999999994,0.5161761734604057,0.6486201306254927
2025-02-14,1.1599999999999966,0.09744260175676327,0.07039195664451108
2025-02-18,0.3700000000000045,0.04740000660940479,0.3918951597744667
2025-02-19,0.2999999999999971,0.04354677353169393,0.060316192692917076
2025-02-20,-2.1599999999999966,-0.04219585435182916,0.01048529821867708
2025-02-21,0.3400000000000034,0.2222233370556296,0.8177611426101318
2025-02-24,-1.9099999999999968,-0.040451614611588554,-0.019904408015347836
2025-02-25,-0.2800000000000011,0.3353575560064136,0.1261310695235729
2025-02-26,1.75,0.10202465295071356,-0.07371137376278943
2025-02-27,-0.6500000000000057,0.242526510608788,0.21839579467156867
2025-02-28,-1.3400000000000034,0.2937079077183424,-0.39449206537754
2025-03-03,-0.1599999999999966,1.10430823223621,0.3439398888460681
2025-03-04,-1.8900000000000008,0.4066700015892369,0.08131969231021235
2025-03-05,0.0400000000000062,0.8707814753257849,0.9224620060230848
2025-03-06,0.6700000000000017,1.142580355356685,1.1933699287374113
2025-03-07,-0.980000000000004,0.4937602605209554,0.8314085975029155
2025-03-10,0.2099999999999937,0.3254035716059233,-0.1059999605063245
2025-03-11,1.1300000000000097,0.25340027182286595,0.5042809056760292
2025-03-12,-0.8300000000000125,0.7943485983717026,1.036524539615185
2025-03-13,0.6100000000000136,0.20275617258149536,0.5621606007133024
2025-03-14,0.4099999999999966,0.6837540975788533,0.7304691684644736
2025-03-17,-0.3500000000000085,0.6126566378967183,0.6426846415160941
2025-03-18,-0.0899999999999892,0.5283322887548128,0.15788914719195837
2025-03-19,1.1499999999999917,0.6827023763573539,1.0988216867370455
2025-03-20,-0.0300000000000011,0.3118852338439524,0.513348777570061
2025-03-21,0.9399999999999976,0.7252214607041664,0.042692174010308094
2025-03-24,0.0200000000000102,0.12840299131742677,0.5093265262516466
2025-03-25,0.5699999999999932,0.15144638098585353,-0.015459499586258616
2025-03-26,0.25,-0.1989639723323603,-0.11962330520487156
2025-03-27,-0.5600000000000023,-0.20456225068079986,-0.14413046730454385
2025-03-28,2.1300000000000097,0.42458000821740655,0.5741364619015974
2025-03-31,-0.2600000000000051,-0.4100251291946613,-0.5172279458946968
2025-04-01,0.5100000000000051,-0.18502051625520202,0.21002992805980814
2025-04-02,-4.689999999999998,-0.11752690035803563,-0.043940262261296284
2025-04-03,-5.010000000000005,0.4752892681920515,0.496366638219109
2025-04-04,-1.3700000000000043,1.6985422666145849,0.834254812944326
2025-04-07,-1.009999999999998,0.49213592944019563,0.07410794865040668
2025-04-08,2.5900000000000034,0.6445410280684327,0.2746540937033058
2025-04-09,-2.0600000000000023,-0.6390532657170682,0.08876892879520608
2025-04-10,1.3399999999999963,0.4715200955293951,0.6957342241922694
2025-04-11,0.0800000000000054,0.5894211541047116,0.6000013288990825
2025-04-14,-0.25,0.44355670794328034,0.4770492158431576
2025-04-15,1.1400000000000006,0.011851386580207134,0.24451182309861455
2025-04-16,2.1899999999999906,0.9419256617761791,0.868199062032955
2025-04-17,-1.5899999999999963,-0.7945621903412982,-0.9193221379144179
2025-04-21,1.1199999999999974,1.0546850740519251,0.7380078128165202
2025-04-22,-1.9599999999999935,0.2585256106821704,0.3947781917580073
2025-04-23,0.9099999999999966,-0.04046538886878894,0.059533483568388355
2025-04-24,0.3000000000000042,-0.6351050779298193,-0.4260096339222195
2025-04-25,-0.5500000000000043,0.13435512215857906,0.4291039745289663
2025-04-28,-1.4599999999999935,0.08572768104520559,0.3867354495196844
2025-04-29,-2.2900000000000063,0.2825699218663528,0.5305740895667661
2025-04-30,1.0400000000000065,0.28450038766039454,0.3016612615461242
2025-05-01,-0.9200000000000016,-0.3019624680280758,-0.3418929211145783
2025-05-02,-1.1700000000000017,0.05827520948867796,0.131506221246366
2025-05-05,1.9200000000000017,0.3374454283489569,0.07375448479892607
2025-05-06,-1.0,0.07852012966770795,-0.030860799839966414
2025-05-07,1.8299999999999983,0.1148316267048464,-0.045019265620938824
2025-05-08,1.1199999999999974,0.8765668787182865,1.3188215779032384
2025-05-09,0.9500000000000028,0.31836889640284766,0.13905548427737852
2025-05-12,1.720000000000006,-0.2828221278571609,0.2040171154894808
2025-05-13,-0.5600000000000023,0.06578664023378776,0.056571153726881984
2025-05-14,-1.4500000000000028,0.11618353776902038,0.023294738675507264
2025-05-15,0.8100000000000023,0.7216628118702694,0.8180465965300479
2025-05-16,0.1399999999999934,0.24872866622322698,0.2688989092208982
2025-05-19,-0.009999999999998,0.028383478262073485,0.07998080451202122
2025-05-20,-1.0399999999999991,0.12629404785902615,0.07762087530678577
2025-05-21,-0.3800000000000025,-0.43013393983609594,-0.3309212021321501
2025-05-22,0.3400000000000034,0.3070949018945876,0.3552306819145552
2025-05-23,-1.2800000000000011,-0.11987961447153042,0.05652458032811116
2025-05-27,0.9299999999999996,0.517624940370417,0.6786236983215737
2025-05-28,-0.8800000000000026,-0.27681060969272464,-0.14367784324597932
2025-05-29,-0.1999999999999957,0.0033508670015629455,-0.1288517793515471
2025-05-30,1.8100000000000025,0.06584981148236133,0.12184596850601277
2025-06-02,0.8299999999999912,0.043824054032186636,0.08254391774524765
2025-06-03,-0.529999999999994,0.07226172916120979,0.03534566045172494
2025-06-04,0.490000000000002,-0.42516881368825105,-0.12579739278472402
2025-06-05,1.2399999999999949,0.16753219722184998,0.09498145528475994
2025-06-06,0.6899999999999977,0.5931780131127877,0.9176326396654033
2025-06-09,-0.3299999999999983,0.1609366877161472,0.23146855512092412
2025-06-10,3.25,0.08721744306957628,0.15505443769648594
2025-06-11,-0.1799999999999926,-0.8357997992183862,-0.5485305063051396
2025-06-12,5.109999999999999,-0.7310033172006,-0.44162989658609597
2025-06-13,-1.3100000000000025,2.2129724993930515,2.172448518367316
2025-06-16,3.0900000000000034,-0.058504396645000546,-0.5894975526790703
2025-06-17,0.269999999999996,-1.3119763126984878,-1.7282039488367715
2025-06-18,-0.1700000000000017,-1.8757626683584492,-1.3103569899375738
2025-06-20,-6.359999999999999,-0.730525079859377,-0.6362129092035338
2025-06-23,-3.9099999999999966,-0.5447879764316171,-0.5379470689656694
2025-06-24,0.5300000000000011,2.8140940867628492,3.415672682705875
2025-06-25,0.4599999999999937,-0.3560932158170948,-0.05842247172207196
2025-06-26,0.2199999999999988,-0.09390262175843754,-0.11429688373006491
2025-06-27,-0.3599999999999994,0.2006845950835665,0.32198475462529774
2025-06-30,0.3400000000000034,0.3181653644539417,0.3272567378923231
2025-07-01,2.019999999999996,-0.21495331200173515,-0.1943650509589239
2025-07-02,-0.5300000000000011,-0.5540213106217965,-0.6419323320484478
2025-07-03,1.0300000000000011,0.02929747504161686,-0.35168856820162203
2025-07-07,0.3900000000000005,-0.4112555903302415,-0.73275108796348
2025-07-08,0.0600000000000022,0.021251132005009443,-0.04716790716002103
2025-07-09,-1.8299999999999983,0.007957746233889553,-0.4307016465360377
2025-07-10,1.8499999999999943,-0.40562586393457395,-0.6816680430587821
2025-07-11,-1.4399999999999975,0.10448485667603208,0.3770504021322229
2025-07-14,-0.4299999999999926,-0.6127288852135215,-0.7063363485623484
2025-07-15,-0.6300000000000097,0.08526473017910868,0.09338459560158421
2025-07-16,1.6300000000000097,-0.3920194244789936,-0.37662863971746285
2025-07-17,-0.2300000000000039,0.10998953876265824,0.08398160052240117
2025-07-18,-0.1400000000000005,-0.7413604651747532,-0.42829165383668116
2025-07-21,-0.8299999999999983,-0.5781729984467897,-0.4618682303571557
2025-07-22,-1.5100000000000051,-0.20101142099837271,-0.23253975074157937
2025-07-23,1.1099999999999994,0.0029620352913909322,-0.05508482706245082
2025-07-24,-0.7800000000000011,-0.3743356590539193,-0.36673576180204803
2025-07-25,1.4300000000000068,-0.16651835259323944,0.042971644879186456
2025-07-28,2.4599999999999937,-0.1895401709045146,-0.1883211893202004
2025-07-29,0.8200000000000074,-0.6709643403309916,-0.7725022385431183
2025-07-30,-0.730000000000004,-0.00025627445606271984,-0.36384013635762774
2025-07-31,-1.9699999999999989,-0.20711619318560112,-0.39847606571636335
2025-08-01,-1.0600000000000025,-0.7053762568757278,-0.4138778808555043
2025-08-04,-1.1299999999999957,-0.5561218231803042,-0.8149629326341189
2025-08-05,-0.8200000000000074,-0.4818863967841229,-0.3480841114013642
2025-08-06,-0.4799999999999897,-0.4807517476253184,-0.8573560740394207
2025-08-07,0.039999999999992,-0.8410602107583764,-0.9166481189815614
2025-08-08,0.0900000000000034,-0.3648159989498885,-0.4958908964625619
2025-08-11,-0.8100000000000023,-0.6196197014239556,-0.6898038706963286
2025-08-12,-0.5399999999999991,-0.4470410657973531,-0.23456596046924005
2025-08-13,1.3099999999999952,-0.3605978470223519,-0.5094341090804689
2025-08-14,-1.2099999999999935,-0.4955679448628884,-0.19002045367007195
2025-08-15,0.730000000000004,-0.6567903528634383,-0.5951167182255147
2025-08-18,-1.1300000000000026,-0.6081499740521701,-0.6151081461579715
2025-08-19,0.8099999999999952,-0.444666517287533,-0.2695989124230134
2025-08-20,0.3700000000000045,-0.3640142428025854,-0.46672319315821315
2025-08-21,-0.480000000000004,-0.6823881234013608,-0.4820420659368682
2025-08-22,1.1000000000000083,-0.2667818597082905,-0.6471246869678545
2025-08-25,-1.5800000000000054,-0.21635115880858993,-0.30887716886888683
2025-08-26,0.8899999999999935,-0.6257035303102437,-0.681328141196479
2025-08-27,0.4699999999999988,-0.7614586645225706,-0.24363568915131173
2025-08-28,-0.5999999999999943,-0.5918160699783194,-0.43977425652751845
2025-08-29,1.5900000000000034,-0.28484322061220646,-0.3374884575277052
2025-09-02,-1.5900000000000034,0.10474051467552115,0.47364593891666945
2025-09-03,-0.5499999999999972,0.8052646514520375,0.8897798177203317
2025-09-04,-1.5900000000000034,0.028187579286397518,0.15065171834435806
2025-09-05,0.3800000000000025,0.12140695797598999,0.28444979837661366
2025-09-08,0.3699999999999974,-0.11291152417220092,-0.16529580053763182
2025-09-09,1.0400000000000065,0.09963911373371491,0.11531194716752181
2025-09-10,-1.3000000000000045,0.09447697421049521,0.06686962435546168
2025-09-11,0.3100000000000023,0.7346575028522662,0.6502207886932643
2025-09-12,0.6399999999999935,-0.025029757119890535,0.28427482536320337
2025-09-15,1.230000000000004,0.06926136468537002,0.06398584186381308
2025-09-16,-0.480000000000004,-0.051284412025650546,-0.15755194880752982
2025-09-17,-0.5,-0.31841149522061024,-0.33324932763415666
2025-09-18,-0.8899999999999935,-0.06066202104483912,0.052882286914705506
2025-09-19,-0.0300000000000011,0.3291392961556095,0.24317538591737672
2025-09-22,0.769999999999996,0.002384215803372945,0.011338192715220137
2025-09-23,1.6400000000000077,-0.08406585839727135,-0.03858324625146009
2025-09-24,0.1099999999999994,0.19752950863911983,0.16518708511836921
2025-09-25,0.9899999999999948,-0.0013167904539435847,-0.1065597969250915
2025-09-26,-2.230000000000004,0.11519810760782306,0.1299039238040937
2025-09-29,-1.0999999999999943,0.8538313131584663,0.6938172691843798
2025-09-30,-0.5799999999999983,0.06388395396723766,0.06296723788739397
2025-10-01,-1.3100000000000025,-0.13105283409396107,-0.13939601258498763
2025-10-02,0.3699999999999974,-0.02106560918283025,0.005870846785891421
2025-10-03,0.8400000000000034,-0.2420273526618056,-0.30125276658668243
2025-10-06,0.0300000000000011,0.052554031683390796,-0.0756020846752274
2025-10-07,0.8499999999999943,0.009722602015217378,-0.0518084507168944
2025-10-08,-1.009999999999998,0.0751815698558442,-0.060672667410938165
2025-10-09,-2.609999999999999,0.06872358748486056,-0.08055600940109334
2025-10-10,-0.2299999999999968,-0.723927070446086,-1.2182912328239421
2025-10-14,-0.4400000000000048,0.10650951701930052,0.002660422027578725
2025-10-15,-0.7899999999999991,0.045358046048005994,0.17923514327333004
2025-10-16,0.009999999999998,0.3831598710689039,0.1759775619397752
2025-10-17,0.0400000000000062,-0.13319310923248764,-0.5761779324108373
2025-10-20,0.3199999999999932,0.41140413173071144,0.6182875908862022
2025-10-21,0.6400000000000006,-0.18608094602317,-0.32000806561718187
2025-10-22,3.140000000000001,0.0836085854872068,-0.06185584305813312
2025-10-23,-0.1699999999999946,0.25472137994285826,0.010812114419593274
2025-10-24,-0.1400000000000005,0.6629776850705177,0.8639779401467039
2025-10-27,-1.1600000000000037,0.07094998583956973,0.02032299230643944
2025-10-28,0.2899999999999991,0.0721641394983573,0.12599066638463938
2025-10-29,0.1000000000000014,0.19536693753245885,0.14606331098288058
2025-10-30,0.3900000000000005,-0.0903231780842733,-0.09794778048203051
2025-10-31,0.0399999999999991,0.04038581036016845,0.07402228904604792
2025-11-03,-0.4099999999999966,-0.0974486098015678,-0.24144985698000337
2025-11-04,-0.980000000000004,-0.2761345729945573,-0.1590033986176674
2025-11-05,-0.1599999999999966,0.299709182405875,0.061087824740556046
2025-11-06,0.2999999999999971,0.08766377050179897,-0.09331001029848515
2025-11-07,0.3999999999999986,-0.058694943286021865,-0.08833273464927668
2025-11-10,-1.6400000000000006,0.12332573101075077,0.3685127572332368
2025-11-12,0.240000000000002,-0.18296660151767102,-0.25561247090798583
2025-11-13,1.3299999999999983,-0.4250780904027635,-0.0442252621736112
2025-11-14,-0.2100000000000008,-0.1716992384783464,-0.08269157236257355
2025-11-17,0.8500000000000014,-0.9295500330704318,-1.2781301604204405
2025-11-18,-1.2399999999999949,-0.2563400320607785,-0.4199161937768697
2025-11-19,-0.2000000000000028,-0.07931082610444198,-0.018710868471114847
2025-11-20,-1.2100000000000009,-0.7474455343612932,-0.8926659335124886
2025-11-21,0.25,0.9107586626795583,0.7249666084240682
2025-11-24,-0.8599999999999994,-0.05426323962893627,-0.23692168693109605
2025-11-25,0.5600000000000023,-0.13772701690370412,0.007443594843290358
2025-11-26,-0.2300000000000039,-0.2622925762277314,-0.4980224268080961
2025-11-28,0.8900000000000006,-0.239178289033835,-0.7166530757616312
2025-12-01,-0.6599999999999966,0.24077752038299405,0.10143631943501885
2025-12-02,0.2800000000000011,0.034461132463004744,0.059723647146794456
2025-12-03,0.7299999999999969,0.013977557425804938,0.20826136560946884
2025-12-04,0.4099999999999966,0.17171357102967616,0.059306005414659205
2025-12-05,-1.1899999999999975,-0.3046347596435405,-0.22983856874945205
2025-12-08,-0.6400000000000006,0.20359236529271557,0.19381735471735242
2025-12-09,0.2700000000000031,0.03579218720024313,-0.0005960932203787266
2025-12-10,-0.9100000000000036,-0.001762407054354339,0.1389779953638103
2025-12-11,-0.1499999999999985,0.061091742966686256,0.1170824995962584
2025-12-12,-0.6400000000000006,0.00486246437002808,0.09032287356485699
2025-12-15,-1.5300000000000011,0.15462407168419082,0.11740542570942641
2025-12-16,0.6300000000000026,0.12907226285515486,0.1655330852175549
2025-12-17,0.1499999999999985,0.11280133333816494,0.14181324926521202
2025-12-18,0.5799999999999983,0.12134715400152757,-0.10657018897250214
2025-12-19,1.3800000000000026,0.05807849359540957,-0.13176738840148394
2025-12-22,0.3699999999999974,0.06139140550666727,0.09816994995375894
2025-12-23,0.1700000000000017,-0.05816902740534777,-0.049681979083021986
2025-12-24,-2.1199999999999974,0.1245488664014966,0.015055452037986725
2025-12-26,1.2899999999999991,0.26081894347369994,0.28517747456976034
2025-12-29,-0.1000000000000014,0.38542679828927995,0.3821409736956116
2025-12-30,-0.5300000000000011,-0.24472770684100015,-0.059142863236821955
2025-12-31,-0.0499999999999971,0.12906825724082172,-0.029227933529730396
2026-01-02,0.8900000000000006,0.013003929489811883,0.2748615862236313
2026-01-05,-1.1300000000000026,0.041720609136513605,0.10953740930274296
2026-01-06,-0.9600000000000009,0.0845054401458509,0.07678926908419256
2026-01-07,1.730000000000004,0.044065285707872055,-0.08147301080024105
2026-01-08,1.2199999999999989,0.030815097893929038,0.1762749307177777
2026-01-09,0.4299999999999997,-0.014516576666954422,-0.15669822627704008
2026-01-12,1.4600000000000009,0.06304601619512361,-0.07677172998701527
2026-01-13,0.990000000000002,0.08780672180864067,0.1745155802564336
2026-01-14,-2.710000000000001,-0.03420937477964844,-0.20797839574692834
2026-01-15,0.269999999999996,0.43467308821229556,0.6410797167038736
2026-01-16,0.8999999999999986,-0.03437297546417317,-0.14882069591607697
2026-01-20,0.0800000000000054,0.947249642257052,0.8787002013421221
2026-01-21,-1.1400000000000006,-0.15222923360332186,0.34326982810415346
2026-01-22,1.4600000000000009,0.08231632613786888,0.7750869741298707
2026-01-23,-0.240000000000002,0.008085903203697183,0.20228247722370887
2026-01-26,1.5799999999999983,-0.13004935740600126,-0.32702553265071954
2026-01-27,0.7100000000000009,0.00018651635334468214,0.16910279392377214
2026-01-28,2.019999999999996,-0.26532668590311975,-0.24004000112583837
2026-01-29,-0.269999999999996,-0.20281804366629913,0.003091475237085939
2026-01-30,-2.8999999999999986,-0.35117235568560173,-0.5487238979557785
2026-02-02,1.019999999999996,0.5794080918784059,0.7822467404384424
2026-02-03,1.9400000000000048,-0.09681803318639075,0.07006434803770165
2026-02-04,-1.6600000000000037,0.0035200712598407943,0.12317024167784109
2026-02-05,0.8700000000000045,0.23732587545078856,0.7366241879349542
2026-02-06,0.759999999999998,0.11425571339566966,-0.03488030837124454
2026-02-09,-0.3299999999999983,-0.19333632767621967,-0.130270382234963
2026-02-10,0.5999999999999943,-0.06358763615662599,-0.13276358735348862
2026-02-11,-1.7199999999999989,-0.14041963726044523,-0.09768763414802192
2026-02-12,-0.0300000000000011,0.25521527223819834,0.6650870667700661
2026-02-13,-0.519999999999996,-0.8518713488780476,-0.7379538776070906
2026-02-17,2.799999999999997,-0.4435292292042438,-0.4908003816046018
2026-02-18,1.3299999999999983,0.05583709134598892,-0.05163972507642834
2026-02-19,0.0300000000000011,-1.0172442829580415,-1.093030042609972
2026-02-20,-0.3299999999999983,-0.13242252526435058,0.1650371184125462
2026-02-23,-0.7399999999999949,0.04041137347035617,-0.24021602441533585
2026-02-24,-0.3200000000000074,0.014666472104814657,-0.33239047207152633
2026-02-25,-0.2000000000000028,0.2638061975150052,0.21870250923086185
2026-02-26,1.8599999999999992,-0.13176829227047152,-0.06326240583810078
2026-02-27,4.170000000000002,-2.7811370731150227,-2.117439931819465
2026-03-02,3.3500000000000085,-2.3170178126682677,-1.9261576696215612
2026-03-03,0.0999999999999943,-1.8431892621871924,-1.2935678012676173
2026-03-04,6.299999999999997,-3.067257548501109,-2.644431045509602
2026-03-05,9.89,-2.3170178126682677,-1.9261576696215612
2026-03-06,3.8800000000000097,0.6329029951766616,0.6871064381672932
2026-03-09,-10.940000000000012,-0.4869062500505939,-0.07659212803263866
2026-03-10,3.0900000000000034,-0.8896286368623123,-1.2245464442096747
2026-03-11,8.810000000000002,-1.702022068154312,-0.987377144771147
2026-03-12,2.8700000000000045,-1.0789150511090058,-1.2954172583267902
2026-03-13,-5.090000000000003,1.5358363290427748,2.603161787325275
