date,resid_default,resid_interpretation_style
2022-07-20,-6.0976450387985635,-6.267852351311822
2022-07-21,-0.06958505518705982,0.10785424569882252
2022-07-22,2.2415054679825097,2.5993298437507804
2022-07-25,-2.504401172864252,-2.3485509684622334
2022-07-26,2.0171159749083074,2.008687223190165
2022-07-27,-0.5151788297749509,-0.0057451947846962614
2022-07-28,3.4532284551436243,4.009329676983578
2022-07-29,-4.2889014217003725,-4.240734958202462
2022-08-01,0.41551781605222315,0.4515825620865665
2022-08-02,-3.654899892220082,-2.7503740681045503
2022-08-03,-3.2746073642006506,-3.357045886094911
2022-08-04,0.07864943671298857,0.038406762096419245
2022-08-05,3.017652054536632,3.8722479623963104
2022-08-08,-0.09403277186559567,0.6463162991337625
2022-08-09,0.572199842833068,0.7398568795528694
2022-08-10,1.9050720690639316,2.529522553024659
2022-08-11,-2.588308998445286,-2.325009830934454
2022-08-12,-4.256926570508865,-4.726767123985271
2022-08-15,-3.830212646790082,-3.638457967378972
2022-08-16,0.48377769226586564,0.671751985854603
2022-08-17,2.615173752159936,2.492564774538758
2022-08-18,-0.056934438878976645,-0.16344304259482245
2022-08-19,-0.12355604395446637,0.524770107735312
2022-08-22,2.6444248315371306,2.6579153033432874
2022-08-23,-0.9465690291528007,-0.5178556970431831
2022-08-24,-3.811023208196029,-3.5783129675562986
2022-08-25,-0.7180116873053208,-1.125468922125845
2022-08-26,3.1103633458501063,3.2465776648962
2022-08-29,-5.625177227149028,-5.853440546184686
2022-08-30,-1.177682169285354,-1.416924055439404
2022-08-31,-5.503335302233164,-5.848596668671451
2022-09-01,-0.9872768236499543,-1.0225420580343338
2022-09-02,0.18759489651916933,0.18559484013884603
2022-09-06,-5.4792129270267225,-5.272182627836312
2022-09-07,-0.17093397990954462,0.24536359754648873
2022-09-08,2.077160383087838,2.3478688437686914
2022-09-09,1.5722824628036924,2.1247070260464307
2022-09-12,-0.2127688418463568,0.1646223236116563
2022-09-13,0.9038622076827685,0.8810285855050095
2022-09-14,-3.1633074578506126,-3.1422472259630276
2022-09-15,-0.5014248305984133,-1.0777986729358535
2022-09-16,0.6909724146117596,0.5603842926081636
2022-09-19,-1.6169237338728228,-1.4392998656412195
2022-09-20,-1.5541336731060915,-1.853888807273146
2022-09-21,0.4451572959933116,0.40041557072138106
2022-09-22,-5.146638276153079,-5.170858466935821
2022-09-23,-2.162732455537369,-1.9030967337159856
2022-09-26,0.8418455503241572,1.157914643273687
2022-09-27,3.2129421439829664,3.2969610408510457
2022-09-28,0.529532437098714,1.200148715966026
2022-09-29,-2.438722379603144,-3.036385534550557
2022-09-30,3.9578514454989704,4.179011386178745
2022-10-03,2.0458732337221632,2.7959407501498124
2022-10-04,1.4050308062088048,0.7896428671169308
2022-10-05,0.5566775788546254,0.5614857581809815
2022-10-06,4.382469887055193,4.744358337751581
2022-10-07,-0.6643246113520612,-0.8173331926825956
2022-10-10,0.08762075811681602,0.6457440973201223
2022-10-11,-2.1603108347941484,-1.7931950471978564
2022-10-12,1.2277729612756747,1.446768219720963
2022-10-13,-3.5045109364884657,-3.1559602391208226
2022-10-14,-0.7129257302670803,-0.20848975798995728
2022-10-17,-2.3117570404463272,-1.9672455041608874
2022-10-18,2.59876057937153,2.8452228988693467
2022-10-19,2.155620237296864,1.5600595335246696
2022-10-20,0.6356202892073659,0.03452239322453199
2022-10-21,0.6331478369380822,0.7188558382199806
2022-10-24,0.6305100614983444,0.8696561994606118
2022-10-25,3.0625992523046763,3.3906926887797315
2022-10-26,-0.17447753833453447,0.19887431408967937
2022-10-27,-1.410785167283533,-1.4536667795780622
2022-10-28,-1.4875188369166046,-1.2826443900039057
2022-10-31,2.3459205209621423,2.1228722679484178
2022-11-01,1.5114085254689331,1.7396322886953153
2022-11-02,-1.6296263587212596,-1.397063520081997
2022-11-03,4.9745706220425365,5.09360496855658
2022-11-04,-1.4876616786046089,-0.8963145985841923
2022-11-07,-2.299104911070814,-2.15381322809477
2022-11-08,-2.886237210177978,-3.0317520962100364
2022-11-09,0.5726310593629473,0.3485133858646921
2022-11-10,3.4567376989874417,3.512258132685663
2022-11-11,-2.9490453954758284,-3.2086868118028598
2022-11-14,1.2513790603549277,0.845895261425748
2022-11-15,0.6883847892168036,-0.24280210332319774
2022-11-16,-3.4780155688735106,-3.35777604274899
2022-11-17,-1.8932979459519634,-1.3702400502759278
2022-11-18,0.25214177537453153,-0.498883307980478
2022-11-21,0.9086378392742527,0.7530440329542093
2022-11-22,-3.3993734812148126,-3.2757594673619206
2022-11-23,-2.407984547011194,-2.153312730856605
2022-11-25,1.5278716252291589,1.4069462827242156
2022-11-28,0.35683607328458633,0.5416373007176354
2022-11-29,2.157188753065123,2.080195910548005
2022-11-30,0.2968423569309326,1.0257789635640626
2022-12-01,0.5597271515211297,0.7993741552443796
2022-12-02,-3.2953648161362596,-3.0998655343968755
2022-12-05,-3.7430624207080334,-3.4023404437342757
2022-12-06,-1.9183758986811015,-2.0636834488943467
2022-12-07,-1.0392714434073653,-0.6532450710629625
2022-12-08,-1.3739210023427242,-0.8212574202730573
2022-12-09,1.4730266708248276,1.6203259273094612
2022-12-12,1.9795756364678083,1.980762991989633
2022-12-13,3.6092867235127217,3.3069050704659126
2022-12-14,-1.2186959938739537,-1.2241424991772563
2022-12-15,-1.153239119411857,-1.1159845160633464
2022-12-16,1.5417495557183507,1.9299244567447498
2022-12-19,0.6952414438010711,0.6551166055023346
2022-12-20,2.260199557169081,1.7511277467056403
2022-12-21,-0.37832832357697216,-0.4466244086804907
2022-12-22,2.3781019113046464,1.817336605989276
2022-12-23,-0.5984375809340724,-0.37991113583441594
2022-12-27,-0.45096238032681646,-0.12530791014633835
2022-12-28,-0.5148058513187111,-0.3202126908471432
2022-12-29,1.3992930414359113,1.629583428146224
2022-12-30,-3.8150809820055693,-3.4514514562299725
2023-01-03,-3.1880760914934614,-2.3388441408906626
2023-01-04,-0.002043170863264332,0.9162861204954477
2023-01-05,-0.8903865106070308,-0.5038360476757621
2023-01-06,2.130171521233515,2.9589056939482212
2023-01-09,0.3581877880402599,0.5478829281013619
2023-01-10,2.053801223434438,2.065112001760144
2023-01-11,2.2476772818255153,2.959356406123693
2023-01-12,2.2627898569674465,2.2332979266286785
2023-01-13,4.2194079914979605,4.327210019920926
2023-01-17,2.241575344463599,2.363443180199995
2023-01-18,3.0904980449052957,3.230853311846052
2023-01-19,3.2704980449052883,3.4108533118460445
2023-01-20,0.30121473018822176,0.2202435448055355
2023-01-23,-1.8541012430484536,-1.5886166768963124
2023-01-24,-0.46180292817312685,0.17251090066961322
2023-01-25,0.34584294925242376,0.7044820170968144
2023-01-26,-1.0487480752116993,-0.7627600412580654
2023-01-27,-1.5416343080245811,-1.268532853465515
2023-01-30,1.1459578280086289,1.298566383419109
2023-01-31,-3.028645099565383,-2.975213789772663
2023-02-01,-0.6927658481856059,-0.3105386260197748
2023-02-02,-2.8510128760232933,-2.0429506839761205
2023-02-03,-0.5395239699120227,0.13993088828014755
2023-02-06,2.5208565475298377,2.8474341785939337
2023-02-07,0.9771781740646712,1.3952191878072435
2023-02-08,-1.237172999096587,-0.908722806829909
2023-02-09,0.8640508046751095,1.303489988760937
2023-02-10,0.19005021585006387,0.3136323900775696
2023-02-13,-1.6548696948294586,-1.4176579825668074
2023-02-14,-1.1275715447758836,-0.5040520264229688
2023-02-15,-0.5848624369781719,-0.02122214362982025
2023-02-16,-2.2900306948681646,-2.1189462298196347
2023-02-17,2.7083159371659886,3.898851292782329
2023-02-21,-0.39812556842567925,0.10049853916855112
2023-02-22,3.1519677573432894,4.420660705847155
2023-02-23,2.2107971320160082,2.7279086708146005
2023-02-24,-0.959326554709291,-0.7325025588954834
2023-02-27,0.6260349414893052,1.224572610142956
2023-02-28,0.566041784322239,0.8356470013693419
2023-03-01,0.26464823488808165,-0.3352796689082721
2023-03-02,1.474997539653187,1.5847070696453622
2023-03-03,1.5415559285097045,1.0886596922842924
2023-03-06,-3.061995923749914,-3.021725474307917
2023-03-07,-0.3431479396985134,-0.7988836301629527
2023-03-08,-0.506483132836833,-0.8722120226832198
2023-03-09,0.6683564272290707,0.8046500818904969
2023-03-10,-1.6737527630813,-1.3329741348362716
2023-03-13,-3.0424810578461265,-3.450792666043983
2023-03-14,-6.589862021383217,-5.884776135188086
2023-03-15,1.1123262862655965,0.9699297401849301
2023-03-16,-1.871600910521274,-2.1924134780275892
2023-03-17,2.616626045407708,2.3249022039090317
2023-03-20,1.2651877767388224,1.4076913281098515
2023-03-21,1.0331539394771825,0.6085742568404299
2023-03-22,0.15081295601775058,-0.15023992172333878
2023-03-23,0.004518461474983915,0.3010595260786819
2023-03-24,3.389651340293832,3.1518659829614517
2023-03-27,0.5682393288585675,-0.6795444417784214
2023-03-28,-1.5202335446065303,-1.9026713315575452
2023-03-29,1.0437708335539684,0.8436965471199643
2023-03-30,0.8922307442099402,0.8801219395043602
2023-03-31,4.958385868851945,4.9094040906318615
2023-04-03,2.4506671378294804,2.364335125300026
2023-04-04,2.0858322947995918,2.2247050072133723
2023-04-05,-0.15543291344304266,-0.09449246329743055
2023-04-06,-1.226633145894933,-1.0625208344754615
2023-04-10,1.237921941680736,1.0157847544888678
2023-04-11,1.689382751128127,2.062624088362279
2023-04-12,-1.1189094912271718,-0.888322487598281
2023-04-13,-0.23328094118274134,0.024504368924008924
2023-04-14,-2.0091426928575333,-2.0204516959503738
2023-04-17,-0.9114821465942161,-0.8633391456537528
2023-04-18,-1.6090090172257199,-1.614913528057234
2023-04-19,-2.472997465163281,-2.4591170502880817
2023-04-20,0.4397220230852865,0.6035912304337312
2023-04-21,0.6436812930627629,0.9761545670055237
2023-04-24,-1.5758989817112494,-1.5196502570503494
2023-04-25,-2.4106470384420207,-3.129346679379784
2023-04-26,-0.3383903840335347,-0.5696127196369467
2023-04-27,2.0079850860851174,1.8897630168391966
2023-04-28,-1.107644226664422,-1.2268161940808482
2023-05-01,-3.6905380751333476,-3.810946302687874
2023-05-02,-2.677860725316981,-2.5639025716250243
2023-05-03,-0.5792252798768941,-0.5620494404037848
2023-05-04,3.205396452180285,3.095786227834237
2023-05-05,0.7053296095854895,0.5591182709934586
2023-05-08,-0.17068380008232642,0.01771111674205239
2023-05-09,-1.4700542827877343,-2.099053006858175
2023-05-10,-1.512386219511337,-0.7401231868280846
2023-05-11,-0.6423376697776605,-0.8472902523171707
2023-05-12,1.09250428522632,0.8971570323040915
2023-05-15,-0.04268747497114586,-0.10479171939860035
2023-05-16,2.1403092755124127,1.6533432204879681
2023-05-17,-0.7723492768877196,-1.1514592857173325
2023-05-18,-0.01705833876345686,-0.11233950430648679
2023-05-19,0.27953648623255356,0.09162351057483406
2023-05-22,1.2294115900382419,0.9080731204572879
2023-05-23,1.8635424378520957,1.6571749384010348
2023-05-24,-2.1930601251189636,-2.3828242430518296
2023-05-25,1.4449613797726006,1.0175366700134958
2023-05-26,-1.4869866387829727,-1.7685674458086174
2023-05-30,-0.7900863130982406,-0.514912154670463
2023-05-31,3.1402505526033377,3.01299374332464
2023-06-01,1.5892780860177393,1.9420533377820342
2023-06-02,0.35439853147381917,0.4798110328229197
2023-06-05,-0.07333324120427054,0.10605490823206942
2023-06-06,1.0885202576064688,0.7718327379969442
2023-06-07,-1.2794177806394662,-1.587353543480152
2023-06-08,-1.4440617942760021,-1.3223521745673215
2023-06-09,-3.1937505902224945,-3.160649760952786
2023-06-12,2.205957971573431,2.328080549645828
2023-06-13,0.15444394421506824,0.014411972051806998
2023-06-14,2.3544000255790714,2.11005256214042
2023-06-15,1.637986883033058,1.779264980084488
2023-06-16,-0.7303592678332386,-1.1012785375515994
2023-06-20,1.761832428369127,1.8724230588353759
2023-06-21,-3.225870056699039,-3.4953871260781573
2023-06-22,-0.9727822773564614,-1.8362016915883284
2023-06-23,0.08528577906105309,0.42461895821929496
2023-06-26,-1.1528483439669532,-1.3109034551491392
2023-06-27,1.8063644074396963,1.351050130025397
2023-06-28,0.7685735071630341,0.864804330935441
2023-06-29,0.8708798321562623,0.8804339531278689
2023-06-30,-0.687846907923931,-0.9839881723251045
2023-07-03,1.705942607047376,1.664411625877323
2023-07-05,0.14196596090080202,0.06872894179129399
2023-07-06,1.9963802352004096,2.279107218910062
2023-07-07,-0.8169962176420674,-0.23223414909019302
2023-07-10,2.5008561607133224,2.634331462754725
2023-07-11,0.8603471202287786,1.065172473407626
2023-07-12,2.1017125840977893,2.333501566905994
2023-07-13,-0.7603746587430814,-0.4074767737895506
2023-07-14,-1.1920227444984113,-1.2383008925701733
2023-07-17,1.455631957003107,1.497621555247535
2023-07-18,-0.5658769136070216,-0.1771364567114935
2023-07-19,0.6918526802447913,0.9655383964249892
2023-07-20,1.312147616290238,1.679486669541022
2023-07-21,2.011981942707572,2.2412481117434377
2023-07-24,1.3738215367503446,1.1772510631077173
2023-07-25,-0.1807970778763483,-0.33197915930144156
2023-07-26,0.5671399697962027,0.7948310155826156
2023-07-27,1.223556968268273,1.4405429936213172
2023-07-28,1.4113730017147397,2.0920846452317603
2023-07-31,-0.42917533283551296,-0.2158989935054179
2023-08-01,-2.1628991667469624,-2.081505958297568
2023-08-02,1.582763056625007,1.630551623361224
2023-08-03,1.0528207455542007,0.46382825079106504
2023-08-04,-0.42210378022247463,0.0428384532833308
2023-08-07,0.31173914707338235,0.4983572342212462
2023-08-08,1.6161165104427484,2.0210602749681894
2023-08-09,-1.5294207003409712,-1.7303146275076868
2023-08-10,-0.44212645822243596,-0.33426955864372127
2023-08-11,-1.5757355816821847,-1.1121717641048003
2023-08-14,-1.7960300888925675,-1.7749735552898258
2023-08-15,-2.23154981904516,-2.1445212054076124
2023-08-16,0.5041518126464101,0.5515823402652263
2023-08-17,0.5857599550409267,0.8188009991752171
2023-08-18,-1.050956620048519,-0.9122102504073162
2023-08-21,-1.0518247267508556,-1.357331470198581
2023-08-22,-1.6817731955067854,-1.5934576107117797
2023-08-23,0.0036072422165670526,-0.07804218488167725
2023-08-24,0.8246204820058569,0.858610613951762
2023-08-25,-0.3122456588994341,-0.7636287308505234
2023-08-28,-0.1372628123622267,-0.1427831900886758
2023-08-29,-0.051319665943182824,-0.2705962312420339
2023-08-30,1.3209181324708394,1.2909277231324099
2023-08-31,1.9128522685458615,2.1691761918438988
2023-09-01,1.6343308171156958,1.6780749160004798
2023-09-05,1.2206644097810628,1.3169678896280377
2023-09-06,-0.17089778073675355,-0.13886575848767646
2023-09-07,0.6578544857307018,0.7561682509349084
2023-09-08,-0.18487462120824183,-0.17948289451327443
2023-09-11,1.2929798796732044,1.259700553715336
2023-09-12,-0.47218858140970055,-0.5419228408847655
2023-09-13,1.6301542996612362,1.7862776180371642
2023-09-14,0.15589287155912868,0.1031119330653828
2023-09-15,1.6023451522805248,1.6324339082712278
2023-09-18,-0.1690570076317912,-0.2841254175850606
2023-09-19,-1.894432147919867,-2.0579144695881624
2023-09-20,1.1019349562426926,0.4201970078247822
2023-09-21,1.1237829177406553,1.4118244935091218
2023-09-22,0.12105937581740067,0.004633559497044248
2023-09-25,0.8918617922487626,0.7724706013640857
2023-09-26,1.8214697322929814,2.2265753229796337
2023-09-27,-0.9545712809952289,-1.3413122072629857
2023-09-28,0.060118547436497805,-0.5594714727754755
2023-09-29,-2.349247656124358,-2.3269775114918634
2023-10-02,0.45206596195681625,1.0019250805457294
2023-10-03,-4.987374898691786,-4.7879870068416945
2023-10-04,-2.664372607815683,-2.0768384069887347
2023-10-05,-1.5222431690901543,-2.3639555699090096
2023-10-06,2.691093005340489,3.009755283343304
2023-10-10,0.19778117988109356,-0.006316866968862023
2023-10-11,-1.9246930917731482,-1.9080619728185382
2023-10-12,3.5285844023783506,4.184960505813006
2023-10-13,-2.8226385188254435,-4.011877351505683
2023-10-16,-0.38325524929635235,-0.43614001026617233
2023-10-17,1.6358382838275598,2.017974604358559
2023-10-18,1.1714903340830796,0.9714639130176088
2023-10-19,0.7979154204489745,0.662840256056592
2023-10-20,-3.3976633959467755,-3.307288933631596
2023-10-23,-1.745049483417799,-0.9508220820045973
2023-10-24,3.193999713991029,2.171079833755737
2023-10-25,-2.8744045787659136,-2.6977492233007125
2023-10-26,2.3638713552955304,2.6521062851735424
2023-10-27,-2.210751787025049,-2.0787391422995265
2023-10-30,-1.9453637158750205,-1.9263610800709858
2023-10-31,-0.10706967986310473,-0.8048573477592746
2023-11-01,2.4569416971654974,2.8068494668509265
2023-11-02,-1.3976272819900135,-0.8673708984567775
2023-11-03,1.4917453274015915,1.8344128189365143
2023-11-06,-3.271271563645596,-2.8373899330397645
2023-11-07,-2.7546392639930724,-2.993323214265642
2023-11-08,-0.1447232340792911,0.1455693694978904
2023-11-09,2.367764373863424,3.3475796225918506
2023-11-13,-1.7364616750022583,-1.541727245061993
2023-11-14,-2.4963451465227413,-2.2189317609914703
2023-11-15,-5.112426418944285,-4.246007389868467
2023-11-16,0.7256539636745054,0.7387462193160443
2023-11-17,3.629799666050347,3.291299551249219
2023-11-20,0.5885292439268852,1.6343321476810133
2023-11-21,-1.072493256798263,-0.35399095306604833
2023-11-22,-1.6762138677952918,-1.535554988051018
2023-11-24,0.4716836655729126,0.7381670265224614
2023-11-27,1.640759153190186,1.2747798039882605
2023-11-28,1.7886189983823324,1.8653011265431574
2023-11-29,-0.51180600702766,-0.29748222871888763
2023-11-30,-0.4835658613730107,0.009410494097746414
2023-12-01,-0.8606499881975647,-0.5770714744801024
2023-12-04,-0.8590675116241868,-0.8892002701854953
2023-12-05,-2.3464130080949475,-2.7637124578165024
2023-12-06,0.5320854258965405,0.18609582693487045
2023-12-07,2.177791099256655,2.2529934876338418
2023-12-08,-0.3166693616740996,-0.3768634866265334
2023-12-11,-2.83300484881579,-2.4196579969827097
2023-12-12,0.3914021085543459,0.18884432493909975
2023-12-13,3.3349538321935364,4.120970586000949
2023-12-14,1.8415807421336394,1.4395015658625228
2023-12-15,1.367050244890756,1.49026644427292
2023-12-18,0.947505674461351,0.8783379673718984
2023-12-19,0.914480046756658,0.6379799140285479
2023-12-20,0.605241050718722,0.44291859546552187
2023-12-21,-0.17547072951350765,-0.04093271790227426
2023-12-22,2.924226716833848,2.518031114803069
2023-12-26,-1.4295958917004667,-1.3963670229877296
2023-12-27,-1.5316500299530116,-1.436494797786489
2023-12-28,-0.5166315360542943,0.27500294158031247
2023-12-29,-1.4625117239025096,-1.0554810615046692
2024-01-02,1.6376835691715104,1.8228045011555958
2024-01-03,-0.02087102501265059,-0.011527191824067917
2024-01-04,0.9830319138957317,1.4115084216561158
2024-01-05,-3.279421117084652,-3.0051662691329266
2024-01-08,1.5668379028812254,1.2005104288524207
2024-01-09,-0.8575493721839167,-0.8767989105275003
2024-01-10,0.49678288693479145,0.8049617021585624
2024-01-11,0.6951985883907252,0.7896362250053709
2024-01-12,-0.32932320354935507,-0.3288805830240946
2024-01-16,-0.8280993085848694,-0.5671284179687345
2024-01-17,1.3728692046342301,1.4400239439862663
2024-01-18,-0.413568817405655,-0.4763531882282874
2024-01-19,1.6846078275545455,2.103087398575167
2024-01-22,-0.6191265067106803,-0.7738525016030449
2024-01-23,0.7640555086154726,0.8920220945243119
2024-01-24,2.3067816597678545,2.3248861520774504
2024-01-25,0.8325188539424346,0.9455214855012768
2024-01-26,-0.6844448961902995,-1.299679782696602
2024-01-29,0.900306071338886,0.7581022212368672
2024-01-30,-2.187755812272702,-2.207714334594415
2024-01-31,-2.1755948843255166,-2.0709055213144607
2024-02-01,-2.647087779258425,-3.0694498496897715
2024-02-02,0.31084964512680435,0.32999117097193403
2024-02-05,1.1236454442073212,0.8301234592734617
2024-02-06,0.2324804458526382,0.43819845311552447
2024-02-07,2.0856443839412444,2.0494688575337583
2024-02-08,1.1331451531806538,0.9127593996287919
2024-02-09,-0.3965003416507727,-0.4949084548742181
2024-02-12,0.6235644237477258,0.7840355761925735
2024-02-13,-0.11284276496549439,-0.5900730173221777
2024-02-14,0.23585019660369388,0.40356071892710843
2024-02-15,0.9339304389599832,1.1656853075716658
2024-02-16,-0.5210376329542936,-0.7109550300830729
2024-02-20,-0.5556452739168238,-0.41882257363672193
2024-02-21,0.6789221572067939,0.5654480253609445
2024-02-22,-2.7433602567408277,-2.350579461280627
2024-02-23,-0.11743299974871402,0.4404028396701717
2024-02-26,0.8602800525165999,0.7588015642532673
2024-02-27,-0.6839658393253486,-0.5384030898683736
2024-02-28,-0.5716922822709645,-0.7039368698220344
2024-02-29,1.1455311919286806,1.0909620115546286
2024-03-01,-2.0106165974157393,-2.060395133144323
2024-03-04,-1.0602272391307874,-1.4379545214362779
2024-03-05,0.42522407039660826,0.1582662685411219
2024-03-06,-0.9491774806590446,-0.9649098465115935
2024-03-07,-1.685120146104536,-1.4130181270895072
2024-03-08,-0.6446881746683413,-0.5869495198413708
2024-03-11,-0.7409705986757484,-0.7432439739845553
2024-03-12,1.7624137922003524,1.8310002951217172
2024-03-13,1.5100845067110182,1.8774893069011593
2024-03-14,-0.6487453215174129,-0.793009390194193
2024-03-15,1.3526894565464684,1.7484034109385016
2024-03-18,0.315470347577095,0.36354399814301847
2024-03-19,-2.0996378629513277,-2.0296269427136204
2024-03-20,-1.4983779074291463,-1.6107817612865443
2024-03-21,-1.2489011345596286,-0.9661510267824462
2024-03-22,0.9298538262445716,0.8062365080227917
2024-03-25,-0.37464400245883817,-0.2782647912822009
2024-03-26,-0.5543602125815175,-0.24157823509785636
2024-03-27,1.340243978181948,1.3898520569299642
2024-03-28,0.15585099156782334,0.29282986230101615
2024-04-01,1.7448539945118762,1.633566884699613
2024-04-02,0.41069288624181316,0.29683817560652137
2024-04-03,1.4992225523951066,1.5790955078769018
2024-04-04,0.16647827687155148,-0.10319421843030507
2024-04-05,-0.31133657756838806,-0.785806994662525
2024-04-08,-1.08290822500483,-1.0164876047304412
2024-04-09,0.6572257364614755,0.16042040885738595
2024-04-10,-1.0791610810140133,-0.7748891247099977
2024-04-11,0.5440297696204106,0.15867916629398737
2024-04-12,-0.4257583023689955,-0.4142907664113705
2024-04-15,0.20731905542970758,-0.09663217519808608
2024-04-16,-2.565876811243943,-2.367374070502635
2024-04-17,-0.2982715431819647,-0.10801942232011832
2024-04-18,-0.017535701252860858,0.20610315138651464
2024-04-19,0.2128081862050006,-0.04460769486251667
2024-04-22,0.3047322171448847,0.19981231869101373
2024-04-23,0.051635968104302016,0.13625885598100226
2024-04-24,0.9493129330870275,0.7136272943193709
2024-04-25,0.5100411038283587,0.6586535784453601
2024-04-26,-0.7611263466620635,-0.7292455872695439
2024-04-29,-0.9324909636954262,-0.7871463659148126
2024-04-30,-3.1235142849518605,-2.634735532069909
2024-05-01,-0.9353154981470813,-0.009939726242239627
2024-05-02,-0.00472662683115721,0.43747007032622875
2024-05-03,0.19659503182292282,0.519225819713685
2024-05-06,0.0998153846595789,0.2264942874300082
2024-05-07,0.7386058743619633,0.9606109873825046
2024-05-08,0.4381206304689178,0.4196851643121695
2024-05-09,-0.8552324805730142,-0.7577863445911555
2024-05-10,1.1052988680611215,1.0204538148673656
2024-05-13,-1.0615730475619725,-1.034808956885611
2024-05-14,0.8275230906569613,0.9405803013911465
2024-05-15,0.4639520540384511,0.8118538238366315
2024-05-16,0.6288369196297624,0.6281113176890978
2024-05-17,-0.3103938892726649,-0.3113770888070087
2024-05-20,-0.7937711119217279,-0.9210461893216213
2024-05-21,-1.6840001531860371,-1.4335959355346564
2024-05-22,-1.7458916983090231,-1.611473104359784
2024-05-23,1.1591639678782015,1.073924380524021
2024-05-24,2.6228487404420915,2.776435084752712
2024-05-28,-0.27277409350057824,-0.655688025185963
2024-05-29,-1.3046171521227112,-0.6507193285140693
2024-05-30,-0.8563501669747731,-0.7854524365392623
2024-05-31,-3.005073580530942,-2.663508266283861
2024-06-03,-1.0066089002059653,-1.5347343715193327
2024-06-04,0.45352527399387743,0.33170053835997143
2024-06-05,1.1130578085172655,1.5018738421318616
2024-06-06,-0.3196063482486884,-0.24559985500540146
2024-06-07,2.2846480323705927,3.1606465941658692
2024-06-10,0.25152181934540935,0.09507928233149057
2024-06-11,0.689494750210208,0.5879713692942758
2024-06-12,0.12511231683808477,0.418871979223077
2024-06-13,0.031464748895497024,0.20001421186129564
2024-06-14,2.12036441794187,1.913562103067229
2024-06-17,1.2912351413627972,1.158892746239753
2024-06-18,0.8079357234747823,0.700282648326791
2024-06-20,-1.6087520891762992,-1.744403940073616
2024-06-21,0.8668843172067051,1.2047309426017119
2024-06-24,-0.6149852960801008,-0.6517646803385065
2024-06-25,0.15372092350522662,0.10730613519409309
2024-06-26,0.40128461788000724,0.699981953206417
2024-06-27,-0.2515599457100229,-0.1554106577818979
2024-06-28,2.1561168046745682,2.0407447142287944
2024-07-01,-0.7695474684439303,-0.7451255382350042
2024-07-02,1.646202556554605,1.4897587058570387
2024-07-03,-0.6628229809568144,-0.37679735243599743
2024-07-05,-0.755075044475539,-0.2640852089727963
2024-07-08,-0.6515775050672128,-0.5886729027755306
2024-07-09,0.8409573660989041,0.7679154220510567
2024-07-10,0.77997005773426,0.86735789843071
2024-07-11,-0.03127512194747817,-0.07190256608071832
2024-07-12,-0.033076924044118355,-0.0705159723334941
2024-07-15,-1.163209901775172,-1.0634752867761508
2024-07-16,2.172146972996784,2.4798774823350724
2024-07-17,0.4552906233294605,0.30302098975697983
2024-07-18,-2.459660392305074,-2.502399636676194
2024-07-19,-0.38462000117685424,-0.2821028325925165
2024-07-22,-2.6713611711722063,-2.3200726838655243
2024-07-23,0.06213760320826306,0.11423950943562783
2024-07-24,1.1228680188994034,0.654791271555191
2024-07-25,-0.7122831301899514,-0.6001578783399881
2024-07-26,-0.7583617245143842,-0.640277680337607
2024-07-29,-1.0554178441919388,-1.054065759192963
2024-07-30,3.248553698143449,3.2374383584530926
2024-07-31,-0.6705134576056095,-0.5440700442402979
2024-08-01,-3.1542983525668573,-2.0820310229906664
2024-08-02,0.19573286477627516,0.011800444482093497
2024-08-05,0.7346916606805316,0.45890786822282886
2024-08-06,0.73445365960966,0.7998084615942871
2024-08-07,1.3913335889462386,1.1881985772391916
2024-08-08,0.49466060467919803,0.9548641874917021
2024-08-09,3.019038333797704,3.291051765677476
2024-08-12,-0.8828304470708727,-0.7870536823819432
2024-08-13,-3.108924776364332,-2.803322240108315
2024-08-14,0.42397664544551417,0.46820389565607734
2024-08-15,-1.8681063128422883,-1.7471861223843541
2024-08-16,-3.032795153748426,-2.794602194590067
2024-08-19,-0.8017609423231921,-0.5503020094948675
2024-08-20,-2.221620144929425,-2.0900746383871147
2024-08-21,0.8228393185580627,1.0286883895119558
2024-08-22,2.161389557412398,2.684349931007917
2024-08-23,2.9594086447445966,3.19462879843366
2024-08-26,-1.4052121222216352,-1.0423570663795019
2024-08-27,-2.131612085069885,-1.9206833559005365
2024-08-28,1.1109807585363016,1.1334217951501118
2024-08-29,-2.512714600687339,-2.4935862211468454
2024-08-30,-3.854629346015716,-4.055570859958026
2024-09-03,-1.6310429217358837,-1.4433250744613768
2024-09-04,-0.013020234950428963,-0.2565242114504879
2024-09-05,-0.811344450213,-0.745941139208044
2024-09-06,1.8566290793066114,1.9046133015873283
2024-09-09,-3.811104151753718,-3.270312018953587
2024-09-10,0.7955126067630156,0.8168290501712746
2024-09-11,2.808676227581412,2.2882270266369664
2024-09-12,-1.1686372394496827,-0.799570652679499
2024-09-13,1.469388346296274,2.012387231375082
2024-09-16,1.401705717832916,0.8916828670709414
2024-09-17,0.17698708737835278,0.058086109623421256
2024-09-18,0.8402907714283576,0.7954644243450034
2024-09-19,-0.08582743425854422,0.010273794232157046
2024-09-20,-0.5761030988611165,-0.9296896294594831
2024-09-23,1.3938697416532915,1.462551676961583
2024-09-24,-1.7207897013947102,-1.681389743905729
2024-09-25,-1.8977908210840209,-1.6892404861719157
2024-09-26,-0.20101086833043502,-0.36240578342119745
2024-09-27,1.1481010702988732,1.1349795081407315
2024-09-30,2.333846369258576,1.81768784872753
2024-10-01,-0.18504597928101663,0.0021546031871395033
2024-10-02,3.3236469660518173,3.4764601901032237
2024-10-03,0.85375742768371,1.1616605820440444
2024-10-04,2.826157681003199,2.6388576364547816
2024-10-07,-3.7334333766352183,-3.7205957596721815
2024-10-08,-0.7026666269780018,-0.49007029065906016
2024-10-09,2.5174350541340003,2.7811143072838185
2024-10-10,-0.34657293053249455,-0.20291016397812756
2024-10-11,-4.517511919845211,-4.176817836927345
2024-10-15,-1.0964939159316325,-0.9259131763325944
2024-10-16,-1.4231400077985876,-0.8702812919688196
2024-10-17,-1.8656174021724965,-1.8418844125306177
2024-10-18,0.48790541178702895,0.43671274439134844
2024-10-21,1.2551927009655484,1.2787303209252319
2024-10-22,-1.7021506953659669,-1.8849177361682432
2024-10-23,-1.2856378821917966,-1.50477592031344
2024-10-24,1.2463246497043874,1.4399129237312125
2024-10-25,-4.3769079266412,-4.364781358348363
2024-10-28,-0.9723334034923605,-1.3848873816968592
2024-10-29,0.16327157388713953,0.22532226510922615
2024-10-30,0.6028295327138037,0.6913041423429958
2024-10-31,-0.630383098866822,-0.13166255105567223
2024-11-01,1.6607249416688432,1.1051351042828301
2024-11-04,0.6786240314300563,0.5006881164560888
2024-11-05,-0.6992023526749823,-0.6444561097891848
2024-11-06,0.775567172148167,0.9060100189646798
2024-11-07,-1.9935370730376694,-2.2204325524361987
2024-11-08,-2.0429843964904966,-2.5729203379087098
2024-11-12,-0.5398792839879702,-1.2071397681318174
2024-11-13,-0.24264728536415286,-0.44396613839698534
2024-11-14,-1.9303427990526718,-2.0210214601968874
2024-11-15,1.9007730103885196,2.1368687896328167
2024-11-18,-0.053620139184413385,-0.10809487028841347
2024-11-19,-1.0304258303596328,-1.3023223877914538
2024-11-20,0.7591704514366933,0.8649768985764312
2024-11-21,0.9094673511377258,0.8058199250395004
2024-11-22,-2.0937261592991137,-2.414452138272332
2024-11-25,-0.8362912820941621,-0.8395489773106926
2024-11-26,-0.6941531461912795,-0.5392951848945591
2024-11-27,-0.8338393821026331,-0.8636727346724126
2024-11-29,-0.048610350405316166,-0.024849315192100055
2024-12-02,1.96354337090309,2.0187574157706045
2024-12-03,-1.5311504914707534,-1.4777536053770315
2024-12-04,0.06337391512205673,0.17912980828068334
2024-12-05,0.2080861434541594,0.0826976417461661
2024-12-06,-0.11324076037407907,0.22953475266095485
2024-12-09,0.638909783378076,0.5190263443770843
2024-12-10,1.9126564915070012,1.854844525709243
2024-12-11,-0.16912889125462163,-0.19402156679056448
2024-12-12,1.5164399397674666,1.70448108811795
2024-12-13,-0.3128071924352127,-0.36252359516603777
2024-12-16,-0.46523174987327454,-0.42719930350220275
2024-12-17,0.5214601653711807,0.6711751100012342
2024-12-18,1.1329543219307596,1.665183780118368
2024-12-19,-0.06537583163047311,-0.11082644356815913
2024-12-20,-1.1992971727583175,-1.5242916237017567
2024-12-23,1.180438870394637,1.1771607346511035
2024-12-24,-0.9704934759854191,-0.9077543923647627
2024-12-26,1.1188149017757851,1.2417175948184715
2024-12-27,1.1455773854643834,1.045100875076177
2024-12-30,1.1228174619606934,1.3503301883866325
2024-12-31,1.4017762966232925,1.5322007384188518
2025-01-02,1.202667687780322,0.9595765828842138
2025-01-03,0.018284033603107652,0.04147342788255837
2025-01-06,0.7706245675597763,0.5974782196266837
2025-01-07,-1.4541815962903166,-1.1305291911029371
2025-01-08,3.41831568112584,3.2946819965561343
2025-01-10,1.040705915117011,1.650378300092377
2025-01-13,-0.2751601884334438,-0.7826679922640475
2025-01-14,2.569180128607534,2.5561108410421145
2025-01-15,-1.353859735927526,-1.0372868443406005
2025-01-16,0.4117087982971057,0.1217343724420491
2025-01-17,-2.208970692585605,-1.989073874890866
2025-01-21,-1.277356389543511,-1.0284399640595308
2025-01-22,-1.3618159145232693,-1.3924585800083777
2025-01-23,0.021148848971829302,0.18682744842661195
2025-01-24,-1.3620534552969739,-1.2925727163397316
2025-01-27,1.262290603738363,1.4719305273578458
2025-01-28,-1.4670669514596129,-1.3934006559677976
2025-01-29,0.3221001639686348,0.3585002370143958
2025-01-30,-0.3604323416432422,-0.15674556448713944
2025-01-31,0.8758767529863332,0.5095516544500398
2025-02-03,-0.6665649142346235,-0.7405687495683473
2025-02-04,-1.5879348575449557,-1.584281313454643
2025-02-05,-1.3156026724873575,-1.3351852442474192
2025-02-06,0.4830951843795331,0.40177715197502484
2025-02-07,1.6281490801654317,1.2883661639302049
2025-02-10,0.771516444372703,0.7472525702800173
2025-02-11,-1.9206683846967274,-2.034144803484255
2025-02-12,-0.9166362469092053,-0.9034052445871065
2025-02-13,-1.1261761734604052,-1.2586201306254923
2025-02-14,1.0625573982432333,1.0896080433554856
2025-02-18,0.3225999933905997,-0.021895159774462214
2025-02-19,0.25645322646830315,0.23968380730708003
2025-02-20,-2.1178041456481673,-2.1704852982186735
2025-02-21,0.1177766629443738,-0.47776114261012836
2025-02-24,-1.8695483853884083,-1.890095591984649
2025-02-25,-0.6153575560064146,-0.406131069523574
2025-02-26,1.6479753470492864,1.8237113737627895
2025-02-27,-0.8925265106087936,-0.8683957946715744
2025-02-28,-1.6337079077183458,-0.9455079346224634
2025-03-03,-1.2643082322362067,-0.5039398888460647
2025-03-04,-2.296670001589238,-1.9713196923102132
2025-03-05,-0.8307814753257787,-0.8824620060230786
2025-03-06,-0.4725803553566832,-0.5233699287374096
2025-03-07,-1.4737602605209594,-1.8114085975029195
2025-03-10,-0.11540357160592962,0.3159999605063182
2025-03-11,0.8765997281771437,0.6257190943239804
2025-03-12,-1.6243485983717152,-1.8665245396151975
2025-03-13,0.4072438274185183,0.047839399286711215
2025-03-14,-0.2737540975788567,-0.32046916846447704
2025-03-17,-0.9626566378967268,-0.9926846415161026
2025-03-18,-0.618332288754802,-0.24788914719194757
2025-03-19,0.4672976236426378,0.051178313262946196
2025-03-20,-0.3418852338439535,-0.5433487775700622
2025-03-21,0.21477853929583124,0.8973078259896895
2025-03-24,-0.10840299131741657,-0.4893265262516365
2025-03-25,0.4185536190141397,0.5854594995862518
2025-03-26,0.4489639723323603,0.3696233052048716
2025-03-27,-0.3554377493192024,-0.41586953269545845
2025-03-28,1.7054199917826032,1.5558635380984123
2025-03-31,0.15002512919465616,0.25722794589469167
2025-04-01,0.6950205162552071,0.299970071940197
2025-04-02,-4.572473099641962,-4.646059737738701
2025-04-03,-5.485289268192057,-5.506366638219114
2025-04-04,-3.068542266614589,-2.2042548129443302
2025-04-07,-1.5021359294401937,-1.0841079486504046
2025-04-08,1.9454589719315707,2.3153459062966975
2025-04-09,-1.420946734282934,-2.1487689287952083
2025-04-10,0.8684799044706012,0.6442657758077269
2025-04-11,-0.5094211541047062,-0.5200013288990771
2025-04-14,-0.6935567079432803,-0.7270492158431576
2025-04-15,1.1281486134197933,0.895488176901386
2025-04-16,1.2480743382238115,1.3218009379670357
2025-04-17,-0.7954378096586981,-0.6706778620855784
2025-04-21,0.06531492594807231,0.38199218718347727
2025-04-22,-2.218525610682164,-2.354778191758001
2025-04-23,0.9504653888687855,0.8504665164316082
2025-04-24,0.9351050779298236,0.7260096339222237
2025-04-25,-0.6843551221585833,-0.9791039745289706
2025-04-28,-1.5457276810451992,-1.846735449519678
2025-04-29,-2.572569921866359,-2.8205740895667724
2025-04-30,0.7554996123396119,0.7383387384538822
2025-05-01,-0.6180375319719258,-0.5781070788854232
2025-05-02,-1.2282752094886797,-1.3015062212463677
2025-05-05,1.5825545716510447,1.8462455152010757
2025-05-06,-1.078520129667708,-0.9691392001600336
2025-05-07,1.715168373295152,1.875019265620937
2025-05-08,0.2434331212817109,-0.19882157790324095
2025-05-09,0.6316311035971551,0.8109445157226243
2025-05-12,2.0028221278571667,1.5159828845105252
2025-05-13,-0.62578664023379,-0.6165711537268843
2025-05-14,-1.5661835377690232,-1.4732947386755102
2025-05-15,0.0883371881297329,-0.00804659653004558
2025-05-16,-0.10872866622323357,-0.1288989092209048
2025-05-19,-0.03838347826207149,-0.08998080451201922
2025-05-20,-1.1662940478590254,-1.1176208753067849
2025-05-21,0.05013393983609343,-0.04907879786785241
2025-05-22,0.03290509810541581,-0.015230681914551791
2025-05-23,-1.1601203855284707,-1.3365245803281123
2025-05-27,0.41237505962958265,0.25137630167842595
2025-05-28,-0.6031893903072779,-0.7363221567540232
2025-05-29,-0.20335086700155866,-0.07114822064844861
2025-05-30,1.7441501885176411,1.6881540314939898
2025-06-02,0.7861759459678046,0.7474560822547436
2025-06-03,-0.6022617291612038,-0.565345660451719
2025-06-04,0.915168813688253,0.615797392784726
2025-06-05,1.072467802778145,1.145018544715235
2025-06-06,0.09682198688721,-0.2276326396654056
2025-06-09,-0.4909366877161455,-0.5614685551209224
2025-06-10,3.1627825569304235,3.094945562303514
2025-06-11,0.6557997992183936,0.36853050630514694
2025-06-12,5.8410033172006,5.551629896586095
2025-06-13,-3.5229724993930542,-3.4824485183673186
2025-06-16,3.148504396645004,3.6794975526790736
2025-06-17,1.5819763126984838,1.9982039488367676
2025-06-18,1.7057626683584475,1.140356989937572
2025-06-20,-5.6294749201406225,-5.723787090796465
2025-06-23,-3.3652120235683793,-3.372052931034327
2025-06-24,-2.284094086762848,-2.885672682705874
2025-06-25,0.8160932158170885,0.5184224717220657
2025-06-26,0.31390262175843636,0.3342968837300637
2025-06-27,-0.5606845950835659,-0.6819847546252971
2025-06-30,0.021834635546061687,0.012743262107680287
2025-07-01,2.234953312001731,2.21436505095892
2025-07-02,0.024021310621795355,0.11193233204844666
2025-07-03,1.0007025249583843,1.3816885682016231
2025-07-07,0.8012555903302421,1.1227510879634806
2025-07-08,0.038748867994992754,0.10716790716002322
2025-07-09,-1.8379577462338879,-1.3992983534639607
2025-07-10,2.255625863934568,2.5316680430587764
2025-07-11,-1.5444848566760296,-1.8170504021322205
2025-07-14,0.18272888521352892,0.2763363485623558
2025-07-15,-0.7152647301791184,-0.7233845956015938
2025-07-16,2.0220194244790033,2.0066286397174724
2025-07-17,-0.33998953876266214,-0.3139816005224051
2025-07-18,0.6013604651747526,0.28829165383668065
2025-07-21,-0.2518270015532086,-0.3681317696428426
2025-07-22,-1.3089885790016325,-1.2774602492584257
2025-07-23,1.1070379647086086,1.1650848270624503
2025-07-24,-0.40566434094608184,-0.4132642381979531
2025-07-25,1.5965183525932463,1.3870283551208205
2025-07-28,2.6495401709045083,2.6483211893201943
2025-07-29,1.490964340330999,1.5925022385431258
2025-07-30,-0.7297437255439413,-0.36615986364237624
2025-07-31,-1.7628838068143977,-1.5715239342836356
2025-08-01,-0.3546237431242747,-0.6461221191444981
2025-08-04,-0.5738781768196914,-0.3150370673658768
2025-08-05,-0.3381136032158845,-0.4719158885986432
2025-08-06,0.0007517476253287025,0.377356074039431
2025-08-07,0.8810602107583685,0.9566481189815534
2025-08-08,0.4548159989498919,0.5858908964625653
2025-08-11,-0.19038029857604666,-0.12019612930367363
2025-08-12,-0.09295893420264606,-0.3054340395307591
2025-08-13,1.670597847022347,1.819434109080464
2025-08-14,-0.7144320551371051,-1.0199795463299215
2025-08-15,1.3867903528634424,1.3251167182255186
2025-08-18,-0.5218500259478325,-0.5148918538420311
2025-08-19,1.2546665172875282,1.0795989124230085
2025-08-20,0.7340142428025899,0.8367231931582176
2025-08-21,0.2023881234013568,0.0020420659368642347
2025-08-22,1.3667818597082988,1.747124686967863
2025-08-25,-1.3636488411914154,-1.2711228311311187
2025-08-26,1.5157035303102373,1.5713281411964726
2025-08-27,1.2314586645225694,0.7136356891513105
2025-08-28,-0.008183930021674946,-0.16022574347247587
2025-08-29,1.8748432206122099,1.9274884575277085
2025-09-02,-1.6947405146755246,-2.063645938916673
2025-09-03,-1.3552646514520346,-1.439779817720329
2025-09-04,-1.618187579286401,-1.7406517183443615
2025-09-05,0.2585930420240125,0.09555020162338884
2025-09-08,0.4829115241721983,0.5352958005376292
2025-09-09,0.9403608862662916,0.9246880528324847
2025-09-10,-1.3944769742104997,-1.366869624355466
2025-09-11,-0.4246575028522639,-0.340220788693262
2025-09-12,0.665029757119884,0.3557251746367901
2025-09-15,1.160738635314634,1.166014158136191
2025-09-16,-0.42871558797435344,-0.32244805119247416
2025-09-17,-0.18158850477938976,-0.16675067236584334
2025-09-18,-0.8293379789551544,-0.942882286914699
2025-09-19,-0.3591392961556106,-0.27317538591737783
2025-09-22,0.7676157841966231,0.7586618072847758
2025-09-23,1.724065858397279,1.6785832462514678
2025-09-24,-0.08752950863912043,-0.05518708511836981
2025-09-25,0.9913167904539384,1.0965597969250862
2025-09-26,-2.345198107607827,-2.3599039238040977
2025-09-29,-1.9538313131584606,-1.7938172691843741
2025-09-30,-0.643883953967236,-0.6429672378873923
2025-10-01,-1.1789471659060413,-1.170603987415015
2025-10-02,0.3910656091828276,0.36412915321410594
2025-10-03,1.082027352661809,1.1412527665866858
2025-10-06,-0.022554031683389698,0.1056020846752285
2025-10-07,0.840277397984777,0.9018084507168888
2025-10-08,-1.0851815698558422,-0.9493273325890599
2025-10-09,-2.6787235874848596,-2.5294439905989057
2025-10-10,0.4939270704460892,0.9882912328239454
2025-10-14,-0.5465095170193053,-0.4426604220275835
2025-10-15,-0.8353580460480051,-0.9692351432733292
2025-10-16,-0.3731598710689059,-0.1659775619397772
2025-10-17,0.17319310923249384,0.6161779324108434
2025-10-20,-0.09140413173071826,-0.29828759088620904
2025-10-21,0.8260809460231706,0.9600080656171824
2025-10-22,3.0563914145127944,3.201855843058134
2025-10-23,-0.42472137994285286,-0.1808121144195879
2025-10-24,-0.8029776850705181,-1.0039779401467044
2025-10-27,-1.2309499858395734,-1.180322992306443
2025-10-28,0.21783586050164178,0.16400933361535971
2025-10-29,-0.09536693753245745,-0.04606331098287919
2025-10-30,0.4803231780842738,0.487947780482031
2025-10-31,-0.000385810360169353,-0.03402228904604882
2025-11-03,-0.3125513901984288,-0.16855014301999321
2025-11-04,-0.7038654270054467,-0.8209966013823365
2025-11-05,-0.4597091824058716,-0.22108782474055264
2025-11-06,0.21233622949819814,0.3933100102984822
2025-11-07,0.45869494328602045,0.4883327346492753
2025-11-10,-1.7633257310107513,-2.0085127572332375
2025-11-12,0.422966601517673,0.4956124709079878
2025-11-13,1.7550780904027619,1.3742252621736095
2025-11-14,-0.0383007615216544,-0.12730842763742725
2025-11-17,1.7795500330704332,2.128130160420442
2025-11-18,-0.9836599679392164,-0.8200838062231253
2025-11-19,-0.1206891738955608,-0.18128913152888793
2025-11-20,-0.4625544656387076,-0.3173340664875123
2025-11-21,-0.6607586626795583,-0.47496660842406824
2025-11-24,-0.8057367603710631,-0.6230783130689034
2025-11-25,0.6977270169037064,0.5525564051567119
2025-11-26,0.03229257622772749,0.2680224268080922
2025-11-28,1.1291782890338355,1.6066530757616317
2025-12-01,-0.9007775203829906,-0.7614363194350154
2025-12-02,0.24553886753699633,0.22027635285320663
2025-12-03,0.7160224425741919,0.521738634390528
2025-12-04,0.23828642897032043,0.3506939945853374
2025-12-05,-0.885365240356457,-0.9601614312505454
2025-12-08,-0.8435923652927162,-0.833817354717353
2025-12-09,0.23420781279976,0.27059609322038186
2025-12-10,-0.9082375929456492,-1.0489779953638139
2025-12-11,-0.21109174296668476,-0.2670824995962569
2025-12-12,-0.6448624643700287,-0.7303228735648576
2025-12-15,-1.684624071684192,-1.6474054257094275
2025-12-16,0.5009277371448477,0.46446691478244767
2025-12-17,0.03719866666183355,0.008186750734786474
2025-12-18,0.4586528459984707,0.6865701889725004
2025-12-19,1.321921506404593,1.5117673884014864
2025-12-22,0.3086085944933301,0.27183005004623845
2025-12-23,0.22816902740534947,0.2196819790830237
2025-12-24,-2.244548866401494,-2.1350554520379843
2025-12-26,1.029181056526299,1.0048225254302388
2025-12-29,-0.48542679828928137,-0.48214097369561304
2025-12-30,-0.285272293159001,-0.4708571367631792
2025-12-31,-0.17906825724081882,-0.020772066470266706
2026-01-02,0.8769960705101887,0.6151384137763692
2026-01-05,-1.1717206091365162,-1.2395374093027456
2026-01-06,-1.0445054401458518,-1.0367892690841933
2026-01-07,1.685934714292132,1.811473010800245
2026-01-08,1.1891849021060699,1.043725069282221
2026-01-09,0.44451657666695416,0.5866982262770398
2026-01-12,1.3969539838048772,1.536771729987016
2026-01-13,0.9021932781913613,0.8154844197435684
2026-01-14,-2.6757906252203525,-2.5020216042530725
2026-01-15,-0.16467308821229953,-0.3710797167038776
2026-01-16,0.9343729754641718,1.0488206959160755
2026-01-20,-0.8672496422570466,-0.7987002013421167
2026-01-21,-0.9877707663966787,-1.483269828104154
2026-01-22,1.377683673862132,0.6849130258701301
2026-01-23,-0.24808590320369917,-0.44228247722371083
2026-01-26,1.7100493574059996,1.9070255326507177
2026-01-27,0.7098134836466562,0.5408972060762287
2026-01-28,2.2853266859031156,2.2600400011258346
2026-01-29,-0.06718195633369689,-0.27309147523708194
2026-01-30,-2.5488276443143967,-2.35127610204422
2026-02-02,0.4405919081215901,0.23775325956155358
2026-02-03,2.0368180331863956,1.8699356519623032
2026-02-04,-1.6635200712598446,-1.7831702416778448
2026-02-05,0.632674124549216,0.13337581206505034
2026-02-06,0.6457442866043284,0.7948803083712426
2026-02-09,-0.13666367232377863,-0.19972961776503528
2026-02-10,0.6635876361566203,0.7327635873534829
2026-02-11,-1.5795803627395537,-1.622312365851977
2026-02-12,-0.2852152722381994,-0.6950870667700673
2026-02-13,0.3318713488780516,0.21795387760709461
2026-02-17,3.243529229204241,3.290800381604599
2026-02-18,1.2741629086540094,1.3816397250764267
2026-02-19,1.0472442829580426,1.123030042609973
2026-02-20,-0.1975774747356477,-0.4950371184125445
2026-02-23,-0.780411373470351,-0.49978397558465903
2026-02-24,-0.33466647210482203,0.012390472071518943
2026-02-25,-0.463806197515008,-0.4187025092308646
2026-02-26,1.9917682922704707,1.9232624058381
2026-02-27,6.951137073115024,6.287439931819467
2026-03-02,5.667017812668276,5.27615766962157
2026-03-03,1.9431892621871867,1.3935678012676116
2026-03-04,9.367257548501106,8.9444310455096
2026-03-05,12.20701781266827,11.816157669621562
2026-03-06,3.247097004823348,3.1928935618327166
2026-03-09,-10.453093749949417,-10.863407871967373
2026-03-10,3.9796286368623157,4.314546444209678
2026-03-11,10.512022068154314,9.797377144771149
2026-03-12,3.9489150511090103,4.165417258326794
2026-03-13,-6.625836329042778,-7.693161787325279
